env,envId,sender_name,sender_id,cert_domain,receiver_destid,receiver_name,use_type,validUntil
production,1,AZOVA,105,azova.com,nv,Nevada,PROVIDER,2026-12-11
production,1,AZOVA,105,azova.com,ut,Utah,PROVIDER,2026-12-11
production,1,DaVita Physician Solutions,106,davita.com,nj,New Jersey,PROVIDER,2027-06-19
production,1,DaVita Physician Solutions,106,davita.com,va,Virginia,PROVIDER,2027-06-19
production,1,DaVita Physician Solutions,106,davita.com,ca,California,PROVIDER,2027-06-19
production,1,DocStation,108,docstation.co,mn,Minnesota,PROVIDER,2027-08-06
production,1,Fond du Lac,109,fdlrez.com,mn,Minnesota,PROVIDER,2027-06-24
production,1,Fresenius Medical Care,110,iris-prod.freseniusmedicalcare.com,co,Colorado,PROVIDER,2026-09-09
production,1,Fresenius Medical Care,110,iris-prod.freseniusmedicalcare.com,ar,Arkansas,PROVIDER,2026-09-09
production,1,Mayo Clinic,111,prod.mayo.qvera.com,dc,District of Columbia,PROVIDER,2026-11-04
production,1,Mayo Clinic,111,prod.mayo.qvera.com,mt,Montana,PROVIDER,2026-11-04
production,1,Mayo Clinic,111,prod.mayo.qvera.com,in,Indiana,PROVIDER,2026-11-04
production,1,Mayo Clinic,111,prod.mayo.qvera.com,ak,Alaska,PROVIDER,2026-11-04
production,1,Mayo Clinic,111,prod.mayo.qvera.com,nj,New Jersey,PROVIDER,2026-11-04
production,1,Mayo Clinic,111,prod.mayo.qvera.com,co,Colorado,PROVIDER,2026-11-04
production,1,Mayo Clinic,111,prod.mayo.qvera.com,nd,North Dakota,PROVIDER,2026-11-04
production,1,Mayo Clinic,111,prod.mayo.qvera.com,mo,Missouri,PROVIDER,2026-11-04
production,1,RIISE,112,riise.cdc.gov,ct,Connecticut,PROVIDER,2027-04-02
production,1,RIISE,112,riise.cdc.gov,ca,California,PROVIDER,2027-04-02
production,1,RIISE,112,riise.cdc.gov,co,Colorado,PROVIDER,2027-04-02
production,1,RIISE,112,riise.cdc.gov,ak,Alaska,PROVIDER,2027-04-02
production,1,RIISE,112,riise.cdc.gov,az,Arizona,PROVIDER,2027-04-02
production,1,RIISE,112,riise.cdc.gov,ar,Arkansas,PROVIDER,2027-04-02
production,1,RIISE,112,riise.cdc.gov,de,Delaware,PROVIDER,2027-04-02
production,1,RIISE,112,riise.cdc.gov,dc,District of Columbia,PROVIDER,2027-04-02
production,1,RIISE,112,riise.cdc.gov,fl,Florida,PROVIDER,2027-04-02
production,1,RIISE,112,riise.cdc.gov,id,Idaho,PROVIDER,2027-04-02
production,1,RIISE,112,riise.cdc.gov,il,Illinois,PROVIDER,2027-04-02
production,1,RIISE,112,riise.cdc.gov,in,Indiana,PROVIDER,2027-04-02
production,1,RIISE,112,riise.cdc.gov,ky,Kentucky,PROVIDER,2027-04-02
production,1,RIISE,112,riise.cdc.gov,la,Louisiana,PROVIDER,2027-04-02
production,1,RIISE,112,riise.cdc.gov,ma,Massachusetts,PROVIDER,2027-04-02
production,1,RIISE,112,riise.cdc.gov,mi,Michigan,PROVIDER,2027-04-02
production,1,RIISE,112,riise.cdc.gov,mo,Missouri,PROVIDER,2027-04-02
production,1,RIISE,112,riise.cdc.gov,mt,Montana,PROVIDER,2027-04-02
production,1,RIISE,112,riise.cdc.gov,ne,Nebraska,PROVIDER,2027-04-02
production,1,RIISE,112,riise.cdc.gov,nv,Nevada,PROVIDER,2027-04-02
production,1,RIISE,112,riise.cdc.gov,nm,New Mexico,PROVIDER,2027-04-02
production,1,RIISE,112,riise.cdc.gov,nyc,New York City - New York State,PROVIDER,2027-04-02
production,1,RIISE,112,riise.cdc.gov,nc,North Carolina,PROVIDER,2027-04-02
production,1,RIISE,112,riise.cdc.gov,nd,North Dakota,PROVIDER,2027-04-02
production,1,RIISE,112,riise.cdc.gov,oh,Ohio,PROVIDER,2027-04-02
production,1,RIISE,112,riise.cdc.gov,or,Oregon,PROVIDER,2027-04-02
production,1,RIISE,112,riise.cdc.gov,ok,Oklahoma,PROVIDER,2027-04-02
production,1,RIISE,112,riise.cdc.gov,ph,Pennsylvania - Philadelphia,PROVIDER,2027-04-02
production,1,RIISE,112,riise.cdc.gov,ri,Rhode Island,PROVIDER,2027-04-02
production,1,RIISE,112,riise.cdc.gov,sd,South Dakota,PROVIDER,2027-04-02
production,1,RIISE,112,riise.cdc.gov,tn,Tennessee,PROVIDER,2027-04-02
production,1,RIISE,112,riise.cdc.gov,ut,Utah,PROVIDER,2027-04-02
production,1,RIISE,112,riise.cdc.gov,wa,Washington,PROVIDER,2027-04-02
production,1,RIISE,112,riise.cdc.gov,wv,West Virginia,PROVIDER,2027-04-02
production,1,RIISE,112,riise.cdc.gov,wi,Wisconsin,PROVIDER,2027-04-02
production,1,RIISE,112,riise.cdc.gov,md_c,Maryland (Provider Connect),PROVIDER,2027-04-02
production,1,RIISE,112,riise.cdc.gov,pa,Pennsylvania,PROVIDER,2027-04-02
production,1,VAMS,113,integration.vams.cdc.gov,va,Virginia,PROVIDER,2027-02-20
production,1,VAMS,113,integration.vams.cdc.gov,ks,Kansas,PROVIDER,2027-02-20
production,1,VAMS,113,integration.vams.cdc.gov,wv,West Virginia,PROVIDER,2027-02-20
production,1,VAMS,113,integration.vams.cdc.gov,ct,Connecticut,PROVIDER,2027-02-20
production,1,VAMS,113,integration.vams.cdc.gov,de,Delaware,PROVIDER,2027-02-20
production,1,VAMS,113,integration.vams.cdc.gov,ut,Utah,PROVIDER,2027-02-20
production,1,VAMS,113,integration.vams.cdc.gov,nh,New Hampshire,PROVIDER,2027-02-20
production,1,VAMS,113,integration.vams.cdc.gov,ne,Nebraska,PROVIDER,2027-02-20
production,1,VAMS,113,integration.vams.cdc.gov,md_c,Maryland (Provider Connect),PROVIDER,2027-02-20
production,1,VAMS,113,integration.vams.cdc.gov,nj,New Jersey,PROVIDER,2027-02-20
production,1,VAMS,113,integration.vams.cdc.gov,ri,Rhode Island,PROVIDER,2027-02-20
production,1,Veterans Administration,114,vac10accessgwprd01.va.gov,ky,Kentucky,PROVIDER,2026-12-16
production,1,Veterans Administration,114,cernerspaces.com,ky,Kentucky,PROVIDER,2027-01-16
production,1,Veterans Administration,114,vac10accessgwprd01.va.gov,in,Indiana,PROVIDER,2026-12-16
production,1,Veterans Administration,114,cernerspaces.com,in,Indiana,PROVIDER,2027-01-16
production,1,Veterans Administration,114,vac10accessgwprd01.va.gov,or,Oregon,PROVIDER,2026-12-16
production,1,Veterans Administration,114,cernerspaces.com,or,Oregon,PROVIDER,2027-01-16
production,1,Veterans Administration,114,vac10accessgwprd01.va.gov,wa,Washington,PROVIDER,2026-12-16
production,1,Veterans Administration,114,cernerspaces.com,wa,Washington,PROVIDER,2027-01-16
production,1,Veterans Administration,114,vac10accessgwprd01.va.gov,mt,Montana,PROVIDER,2026-12-16
production,1,Veterans Administration,114,cernerspaces.com,mt,Montana,PROVIDER,2027-01-16
production,1,Veterans Administration,114,vac10accessgwprd01.va.gov,id,Idaho,PROVIDER,2026-12-16
production,1,Veterans Administration,114,cernerspaces.com,id,Idaho,PROVIDER,2027-01-16
production,1,Veterans Administration,114,vac10accessgwprd01.va.gov,wi,Wisconsin,PROVIDER,2026-12-16
production,1,Veterans Administration,114,cernerspaces.com,wi,Wisconsin,PROVIDER,2027-01-16
production,1,Veterans Administration,114,vac10accessgwprd01.va.gov,il,Illinois,PROVIDER,2026-12-16
production,1,Veterans Administration,114,cernerspaces.com,il,Illinois,PROVIDER,2027-01-16
production,1,Veterans Administration,114,vac10accessgwprd01.va.gov,oh,Ohio,PROVIDER,2026-12-16
production,1,Veterans Administration,114,cernerspaces.com,oh,Ohio,PROVIDER,2027-01-16
production,1,Veterans Administration,114,vac10accessgwprd01.va.gov,mi,Michigan,PROVIDER,2026-12-16
production,1,Veterans Administration,114,cernerspaces.com,mi,Michigan,PROVIDER,2027-01-16
production,1,Veterans Administration,114,vac10accessgwprd01.va.gov,az,Arizona,PROVIDER,2026-12-16
production,1,Veterans Administration,114,cernerspaces.com,az,Arizona,PROVIDER,2027-01-16
production,1,Veterans Administration,114,vac10accessgwprd01.va.gov,fl,Florida,PROVIDER,2026-12-16
production,1,Veterans Administration,114,cernerspaces.com,fl,Florida,PROVIDER,2027-01-16
production,1,Veterans Administration,114,vac10accessgwprd01.va.gov,ny_vxu,New York State,PROVIDER,2026-12-16
production,1,Veterans Administration,114,cernerspaces.com,ny_vxu,New York State,PROVIDER,2027-01-16
production,1,Veterans Administration,114,vac10accessgwprd01.va.gov,ca,California,PROVIDER,2026-12-16
production,1,Veterans Administration,114,cernerspaces.com,ca,California,PROVIDER,2027-01-16
production,1,Veterans Administration,114,vac10accessgwprd01.va.gov,nm,New Mexico,PROVIDER,2026-12-16
production,1,Veterans Administration,114,cernerspaces.com,nm,New Mexico,PROVIDER,2027-01-16
production,1,Veterans Administration,114,vac10accessgwprd01.va.gov,ky,Kentucky,PROVIDER,2026-12-16
production,1,Veterans Administration,114,cernerspaces.com,ky,Kentucky,PROVIDER,2027-01-16
production,1,Veterans Administration,114,vac10accessgwprd01.va.gov,nyc,New York City - New York State,PROVIDER,2026-12-16
production,1,Veterans Administration,114,cernerspaces.com,nyc,New York City - New York State,PROVIDER,2027-01-16
production,1,Veterans Administration,114,vac10accessgwprd01.va.gov,md_c,Maryland (Provider Connect),PROVIDER,2026-12-16
production,1,Veterans Administration,114,cernerspaces.com,md_c,Maryland (Provider Connect),PROVIDER,2027-01-16
production,1,Veterans Administration,114,vac10accessgwprd01.va.gov,nc,North Carolina,PROVIDER,2026-12-16
production,1,Veterans Administration,114,cernerspaces.com,nc,North Carolina,PROVIDER,2027-01-16
production,1,Veterans Administration,114,vac10accessgwprd01.va.gov,mt,Montana,PROVIDER,2026-12-16
production,1,Veterans Administration,114,cernerspaces.com,mt,Montana,PROVIDER,2027-01-16
production,1,Veterans Administration,114,vac10accessgwprd01.va.gov,wa,Washington,PROVIDER,2026-12-16
production,1,Veterans Administration,114,cernerspaces.com,wa,Washington,PROVIDER,2027-01-16
production,1,Veterans Administration,114,vac10accessgwprd01.va.gov,co,Colorado,PROVIDER,2026-12-16
production,1,Veterans Administration,114,cernerspaces.com,co,Colorado,PROVIDER,2027-01-16
production,1,Veterans Administration,114,vac10accessgwprd01.va.gov,de,Delaware,PROVIDER,2026-12-16
production,1,Veterans Administration,114,cernerspaces.com,de,Delaware,PROVIDER,2027-01-16
production,1,Veterans Administration,114,vac10accessgwprd01.va.gov,ar,Arkansas,PROVIDER,2026-12-16
production,1,Veterans Administration,114,cernerspaces.com,ar,Arkansas,PROVIDER,2027-01-16
production,1,Veterans Administration,114,vac10accessgwprd01.va.gov,nv,Nevada,PROVIDER,2026-12-16
production,1,Veterans Administration,114,cernerspaces.com,nv,Nevada,PROVIDER,2027-01-16
production,1,Veterans Administration,114,vac10accessgwprd01.va.gov,la,Louisiana,PROVIDER,2026-12-16
production,1,Veterans Administration,114,cernerspaces.com,la,Louisiana,PROVIDER,2027-01-16
production,1,Veterans Administration,114,vac10accessgwprd01.va.gov,dc,District of Columbia,PROVIDER,2026-12-16
production,1,Veterans Administration,114,cernerspaces.com,dc,District of Columbia,PROVIDER,2027-01-16
production,1,Veterans Administration,114,vac10accessgwprd01.va.gov,ut,Utah,PROVIDER,2026-12-16
production,1,Veterans Administration,114,cernerspaces.com,ut,Utah,PROVIDER,2027-01-16
production,1,Veterans Administration,114,vac10accessgwprd01.va.gov,il,Illinois,PROVIDER,2026-12-16
production,1,Veterans Administration,114,cernerspaces.com,il,Illinois,PROVIDER,2027-01-16
production,1,Veterans Administration,114,vac10accessgwprd01.va.gov,ia,Iowa,PROVIDER,2026-12-16
production,1,Veterans Administration,114,cernerspaces.com,ia,Iowa,PROVIDER,2027-01-16
production,1,Veterans Administration,114,vac10accessgwprd01.va.gov,id,Idaho,PROVIDER,2026-12-16
production,1,Veterans Administration,114,cernerspaces.com,id,Idaho,PROVIDER,2027-01-16
production,1,Veterans Administration,114,vac10accessgwprd01.va.gov,nd,North Dakota,PROVIDER,2026-12-16
production,1,Veterans Administration,114,cernerspaces.com,nd,North Dakota,PROVIDER,2027-01-16
production,1,Veterans Administration,114,vac10accessgwprd01.va.gov,ph,Pennsylvania - Philadelphia,PROVIDER,2026-12-16
production,1,Veterans Administration,114,cernerspaces.com,ph,Pennsylvania - Philadelphia,PROVIDER,2027-01-16
production,1,Veterans Administration,114,vac10accessgwprd01.va.gov,oh,Ohio,PROVIDER,2026-12-16
production,1,Veterans Administration,114,cernerspaces.com,oh,Ohio,PROVIDER,2027-01-16
production,1,Veterans Administration,114,vac10accessgwprd01.va.gov,tx,Texas,PROVIDER,2026-12-16
production,1,Veterans Administration,114,cernerspaces.com,tx,Texas,PROVIDER,2027-01-16
production,1,Veterans Administration,114,vac10accessgwprd01.va.gov,ak,Alaska,PROVIDER,2026-12-16
production,1,Veterans Administration,114,cernerspaces.com,ak,Alaska,PROVIDER,2027-01-16
production,1,Veterans Administration,114,vac10accessgwprd01.va.gov,in,Indiana,PROVIDER,2026-12-16
production,1,Veterans Administration,114,cernerspaces.com,in,Indiana,PROVIDER,2027-01-16
production,1,Veterans Administration,114,vac10accessgwprd01.va.gov,mn,Minnesota,PROVIDER,2026-12-16
production,1,Veterans Administration,114,cernerspaces.com,mn,Minnesota,PROVIDER,2027-01-16
production,1,Veterans Administration,114,vac10accessgwprd01.va.gov,sd,South Dakota,PROVIDER,2026-12-16
production,1,Veterans Administration,114,cernerspaces.com,sd,South Dakota,PROVIDER,2027-01-16
production,1,Veterans Administration,114,vac10accessgwprd01.va.gov,ms,Mississippi,PROVIDER,2026-12-16
production,1,Veterans Administration,114,cernerspaces.com,ms,Mississippi,PROVIDER,2027-01-16
production,1,Veterans Administration,114,vac10accessgwprd01.va.gov,wi,Wisconsin,PROVIDER,2026-12-16
production,1,Veterans Administration,114,cernerspaces.com,wi,Wisconsin,PROVIDER,2027-01-16
production,1,Veterans Administration,114,vac10accessgwprd01.va.gov,wy,Wyoming,PROVIDER,2026-12-16
production,1,Veterans Administration,114,cernerspaces.com,wy,Wyoming,PROVIDER,2027-01-16
production,1,Veterans Administration,114,vac10accessgwprd01.va.gov,ri,Rhode Island,PROVIDER,2026-12-16
production,1,Veterans Administration,114,cernerspaces.com,ri,Rhode Island,PROVIDER,2027-01-16
production,1,Veterans Administration,114,vac10accessgwprd01.va.gov,or,Oregon,PROVIDER,2026-12-16
production,1,Veterans Administration,114,cernerspaces.com,or,Oregon,PROVIDER,2027-01-16
production,1,Veterans Administration,114,vac10accessgwprd01.va.gov,ct,Connecticut,PROVIDER,2026-12-16
production,1,Veterans Administration,114,cernerspaces.com,ct,Connecticut,PROVIDER,2027-01-16
production,1,Veterans Administration,114,vac10accessgwprd01.va.gov,ok,Oklahoma,PROVIDER,2026-12-16
production,1,Veterans Administration,114,cernerspaces.com,ok,Oklahoma,PROVIDER,2027-01-16
production,1,Veterans Administration,114,vac10accessgwprd01.va.gov,wv,West Virginia,PROVIDER,2026-12-16
production,1,Veterans Administration,114,cernerspaces.com,wv,West Virginia,PROVIDER,2027-01-16
production,1,Veterans Administration,114,vac10accessgwprd01.va.gov,ga,Georgia,PROVIDER,2026-12-16
production,1,Veterans Administration,114,cernerspaces.com,ga,Georgia,PROVIDER,2027-01-16
production,1,Veterans Administration,114,vac10accessgwprd01.va.gov,me,Maine,PROVIDER,2026-12-16
production,1,Veterans Administration,114,cernerspaces.com,me,Maine,PROVIDER,2027-01-16
production,1,Veterans Administration,114,vac10accessgwprd01.va.gov,ne,Nebraska,PROVIDER,2026-12-16
production,1,Veterans Administration,114,cernerspaces.com,ne,Nebraska,PROVIDER,2027-01-16
production,1,Veterans Administration,114,vac10accessgwprd01.va.gov,va,Virginia,PROVIDER,2026-12-16
production,1,Veterans Administration,114,cernerspaces.com,va,Virginia,PROVIDER,2027-01-16
production,1,Veterans Administration,114,vac10accessgwprd01.va.gov,tn,Tennessee,PROVIDER,2026-12-16
production,1,Veterans Administration,114,cernerspaces.com,tn,Tennessee,PROVIDER,2027-01-16
production,1,Veterans Administration,114,vac10accessgwprd01.va.gov,nj,New Jersey,PROVIDER,2026-12-16
production,1,Veterans Administration,114,cernerspaces.com,nj,New Jersey,PROVIDER,2027-01-16
production,1,Veterans Administration,114,vac10accessgwprd01.va.gov,mo,Missouri,PROVIDER,2026-12-16
production,1,Veterans Administration,114,cernerspaces.com,mo,Missouri,PROVIDER,2027-01-16
production,1,Veterans Administration,114,vac10accessgwprd01.va.gov,pr,Puerto Rico,PROVIDER,2026-12-16
production,1,Veterans Administration,114,cernerspaces.com,pr,Puerto Rico,PROVIDER,2027-01-16
production,1,Veterans Administration,114,vac10accessgwprd01.va.gov,ks,Kansas,PROVIDER,2026-12-16
production,1,Veterans Administration,114,cernerspaces.com,ks,Kansas,PROVIDER,2027-01-16
production,1,Veterans Administration,114,vac10accessgwprd01.va.gov,vt,Vermont,PROVIDER,2026-12-16
production,1,Veterans Administration,114,cernerspaces.com,vt,Vermont,PROVIDER,2027-01-16
production,1,Veterans Administration,114,vac10accessgwprd01.va.gov,ma,Massachusetts,PROVIDER,2026-12-16
production,1,Veterans Administration,114,cernerspaces.com,ma,Massachusetts,PROVIDER,2027-01-16
production,1,Veterans Administration,114,vac10accessgwprd01.va.gov,pa,Pennsylvania,PROVIDER,2026-12-16
production,1,Veterans Administration,114,cernerspaces.com,pa,Pennsylvania,PROVIDER,2027-01-16
production,1,Veterans Administration,114,vac10accessgwprd01.va.gov,vi,Virgin Islands U.S.,PROVIDER,2026-12-16
production,1,Veterans Administration,114,cernerspaces.com,vi,Virgin Islands U.S.,PROVIDER,2027-01-16
onboarding,3,AZOVA,105,staging.azova.com,nv,Nevada,PROVIDER,2026-12-09
onboarding,3,AZOVA,105,staging.azova.com,ut,Utah,PROVIDER,2026-12-09
onboarding,3,DaVita Physician Solutions,106,test.davita.com,nj,New Jersey,PROVIDER,2027-06-16
onboarding,3,DaVita Physician Solutions,106,test.davita.com,va,Virginia,PROVIDER,2027-06-16
onboarding,3,DaVita Physician Solutions,106,test.davita.com,ca,California,PROVIDER,2027-06-16
onboarding,3,DocStation,108,docstation.co,mn,Minnesota,PROVIDER,2027-08-06
onboarding,3,Fresenius Medical Care,110,iris-nonprod.freseniusmedicalcare.com,co,Colorado,PROVIDER,2026-09-09
onboarding,3,Fresenius Medical Care,110,iris-nonprod.freseniusmedicalcare.com,ar,Arkansas,PROVIDER,2026-09-09
onboarding,3,Mayo Clinic,111,test.mayo.qvera.com,dc,District of Columbia,PROVIDER,2026-11-13
onboarding,3,Mayo Clinic,111,test.mayo.qvera.com,mt,Montana,PROVIDER,2026-11-13
onboarding,3,Mayo Clinic,111,test.mayo.qvera.com,in,Indiana,PROVIDER,2026-11-13
onboarding,3,Mayo Clinic,111,test.mayo.qvera.com,ak,Alaska,PROVIDER,2026-11-13
onboarding,3,Mayo Clinic,111,test.mayo.qvera.com,nj,New Jersey,PROVIDER,2026-11-13
onboarding,3,Mayo Clinic,111,test.mayo.qvera.com,co,Colorado,PROVIDER,2026-11-13
onboarding,3,Mayo Clinic,111,test.mayo.qvera.com,nd,North Dakota,PROVIDER,2026-11-13
onboarding,3,Mayo Clinic,111,test.mayo.qvera.com,mo,Missouri,PROVIDER,2026-11-13
onboarding,3,RIISE,112,riisetest.cdc.gov,ct,Connecticut,PROVIDER,2027-04-13
onboarding,3,RIISE,112,riisetest.cdc.gov,ca,California,PROVIDER,2027-04-13
onboarding,3,RIISE,112,riisetest.cdc.gov,co,Colorado,PROVIDER,2027-04-13
onboarding,3,RIISE,112,riisetest.cdc.gov,ak,Alaska,PROVIDER,2027-04-13
onboarding,3,RIISE,112,riisetest.cdc.gov,az,Arizona,PROVIDER,2027-04-13
onboarding,3,RIISE,112,riisetest.cdc.gov,ar,Arkansas,PROVIDER,2027-04-13
onboarding,3,RIISE,112,riisetest.cdc.gov,de,Delaware,PROVIDER,2027-04-13
onboarding,3,RIISE,112,riisetest.cdc.gov,dc,District of Columbia,PROVIDER,2027-04-13
onboarding,3,RIISE,112,riisetest.cdc.gov,fl,Florida,PROVIDER,2027-04-13
onboarding,3,RIISE,112,riisetest.cdc.gov,id,Idaho,PROVIDER,2027-04-13
onboarding,3,RIISE,112,riisetest.cdc.gov,il,Illinois,PROVIDER,2027-04-13
onboarding,3,RIISE,112,riisetest.cdc.gov,in,Indiana,PROVIDER,2027-04-13
onboarding,3,RIISE,112,riisetest.cdc.gov,ky,Kentucky,PROVIDER,2027-04-13
onboarding,3,RIISE,112,riisetest.cdc.gov,la,Louisiana,PROVIDER,2027-04-13
onboarding,3,RIISE,112,riisetest.cdc.gov,ma,Massachusetts,PROVIDER,2027-04-13
onboarding,3,RIISE,112,riisetest.cdc.gov,mi,Michigan,PROVIDER,2027-04-13
onboarding,3,RIISE,112,riisetest.cdc.gov,mo,Missouri,PROVIDER,2027-04-13
onboarding,3,RIISE,112,riisetest.cdc.gov,mt,Montana,PROVIDER,2027-04-13
onboarding,3,RIISE,112,riisetest.cdc.gov,ne,Nebraska,PROVIDER,2027-04-13
onboarding,3,RIISE,112,riisetest.cdc.gov,nv,Nevada,PROVIDER,2027-04-13
onboarding,3,RIISE,112,riisetest.cdc.gov,nm,New Mexico,PROVIDER,2027-04-13
onboarding,3,RIISE,112,riisetest.cdc.gov,nyc,New York City - New York State,PROVIDER,2027-04-13
onboarding,3,RIISE,112,riisetest.cdc.gov,nc,North Carolina,PROVIDER,2027-04-13
onboarding,3,RIISE,112,riisetest.cdc.gov,nd,North Dakota,PROVIDER,2027-04-13
onboarding,3,RIISE,112,riisetest.cdc.gov,oh,Ohio,PROVIDER,2027-04-13
onboarding,3,RIISE,112,riisetest.cdc.gov,or,Oregon,PROVIDER,2027-04-13
onboarding,3,RIISE,112,riisetest.cdc.gov,ok,Oklahoma,PROVIDER,2027-04-13
onboarding,3,RIISE,112,riisetest.cdc.gov,ph,Pennsylvania - Philadelphia,PROVIDER,2027-04-13
onboarding,3,RIISE,112,riisetest.cdc.gov,ri,Rhode Island,PROVIDER,2027-04-13
onboarding,3,RIISE,112,riisetest.cdc.gov,sd,South Dakota,PROVIDER,2027-04-13
onboarding,3,RIISE,112,riisetest.cdc.gov,tn,Tennessee,PROVIDER,2027-04-13
onboarding,3,RIISE,112,riisetest.cdc.gov,ut,Utah,PROVIDER,2027-04-13
onboarding,3,RIISE,112,riisetest.cdc.gov,wa,Washington,PROVIDER,2027-04-13
onboarding,3,RIISE,112,riisetest.cdc.gov,wv,West Virginia,PROVIDER,2027-04-13
onboarding,3,RIISE,112,riisetest.cdc.gov,wi,Wisconsin,PROVIDER,2027-04-13
onboarding,3,RIISE,112,riisetest.cdc.gov,md_c,Maryland (Provider Connect),PROVIDER,2027-04-13
onboarding,3,RIISE,112,riisetest.cdc.gov,pa,Pennsylvania,PROVIDER,2027-04-13
onboarding,3,VAMS,113,clinics-sit.olympus-tst.com,va,Virginia,PROVIDER,2027-03-06
onboarding,3,VAMS,113,clinics-sit.olympus-tst.com,ks,Kansas,PROVIDER,2027-03-06
onboarding,3,VAMS,113,clinics-sit.olympus-tst.com,wv,West Virginia,PROVIDER,2027-03-06
onboarding,3,VAMS,113,clinics-sit.olympus-tst.com,ct,Connecticut,PROVIDER,2027-03-06
onboarding,3,VAMS,113,clinics-sit.olympus-tst.com,de,Delaware,PROVIDER,2027-03-06
onboarding,3,VAMS,113,clinics-sit.olympus-tst.com,ut,Utah,PROVIDER,2027-03-06
onboarding,3,VAMS,113,clinics-sit.olympus-tst.com,nh,New Hampshire,PROVIDER,2027-03-06
onboarding,3,VAMS,113,clinics-sit.olympus-tst.com,ne,Nebraska,PROVIDER,2027-03-06
onboarding,3,VAMS,113,clinics-sit.olympus-tst.com,md_c,Maryland (Provider Connect),PROVIDER,2027-03-06
onboarding,3,VAMS,113,clinics-sit.olympus-tst.com,nj,New Jersey,PROVIDER,2027-03-06
onboarding,3,VAMS,113,clinics-sit.olympus-tst.com,ri,Rhode Island,PROVIDER,2027-03-06
onboarding,3,Veterans Administration,114,vac10accessgwsqa01.va.gov,ky,Kentucky,PROVIDER,2026-12-16
onboarding,3,Veterans Administration,114,preprodcernerspaces.com,ky,Kentucky,PROVIDER,2027-05-08
onboarding,3,Veterans Administration,114,vac10accessgwsqa01.va.gov,in,Indiana,PROVIDER,2026-12-16
onboarding,3,Veterans Administration,114,preprodcernerspaces.com,in,Indiana,PROVIDER,2027-05-08
onboarding,3,Veterans Administration,114,vac10accessgwsqa01.va.gov,or,Oregon,PROVIDER,2026-12-16
onboarding,3,Veterans Administration,114,preprodcernerspaces.com,or,Oregon,PROVIDER,2027-05-08
onboarding,3,Veterans Administration,114,vac10accessgwsqa01.va.gov,wa,Washington,PROVIDER,2026-12-16
onboarding,3,Veterans Administration,114,preprodcernerspaces.com,wa,Washington,PROVIDER,2027-05-08
onboarding,3,Veterans Administration,114,vac10accessgwsqa01.va.gov,mt,Montana,PROVIDER,2026-12-16
onboarding,3,Veterans Administration,114,preprodcernerspaces.com,mt,Montana,PROVIDER,2027-05-08
onboarding,3,Veterans Administration,114,vac10accessgwsqa01.va.gov,id,Idaho,PROVIDER,2026-12-16
onboarding,3,Veterans Administration,114,preprodcernerspaces.com,id,Idaho,PROVIDER,2027-05-08
onboarding,3,Veterans Administration,114,vac10accessgwsqa01.va.gov,wi,Wisconsin,PROVIDER,2026-12-16
onboarding,3,Veterans Administration,114,preprodcernerspaces.com,wi,Wisconsin,PROVIDER,2027-05-08
onboarding,3,Veterans Administration,114,vac10accessgwsqa01.va.gov,il,Illinois,PROVIDER,2026-12-16
onboarding,3,Veterans Administration,114,preprodcernerspaces.com,il,Illinois,PROVIDER,2027-05-08
onboarding,3,Veterans Administration,114,vac10accessgwsqa01.va.gov,oh,Ohio,PROVIDER,2026-12-16
onboarding,3,Veterans Administration,114,preprodcernerspaces.com,oh,Ohio,PROVIDER,2027-05-08
onboarding,3,Veterans Administration,114,vac10accessgwsqa01.va.gov,mi,Michigan,PROVIDER,2026-12-16
onboarding,3,Veterans Administration,114,preprodcernerspaces.com,mi,Michigan,PROVIDER,2027-05-08
onboarding,3,Veterans Administration,114,vac10accessgwsqa01.va.gov,az,Arizona,PROVIDER,2026-12-16
onboarding,3,Veterans Administration,114,preprodcernerspaces.com,az,Arizona,PROVIDER,2027-05-08
onboarding,3,Veterans Administration,114,vac10accessgwsqa01.va.gov,fl,Florida,PROVIDER,2026-12-16
onboarding,3,Veterans Administration,114,preprodcernerspaces.com,fl,Florida,PROVIDER,2027-05-08
onboarding,3,Veterans Administration,114,vac10accessgwsqa01.va.gov,ny_vxu,New York State,PROVIDER,2026-12-16
onboarding,3,Veterans Administration,114,preprodcernerspaces.com,ny_vxu,New York State,PROVIDER,2027-05-08
onboarding,3,Veterans Administration,114,vac10accessgwsqa01.va.gov,ca,California,PROVIDER,2026-12-16
onboarding,3,Veterans Administration,114,preprodcernerspaces.com,ca,California,PROVIDER,2027-05-08
onboarding,3,Veterans Administration,114,vac10accessgwsqa01.va.gov,nm,New Mexico,PROVIDER,2026-12-16
onboarding,3,Veterans Administration,114,preprodcernerspaces.com,nm,New Mexico,PROVIDER,2027-05-08
onboarding,3,Veterans Administration,114,vac10accessgwsqa01.va.gov,ky,Kentucky,PROVIDER,2026-12-16
onboarding,3,Veterans Administration,114,preprodcernerspaces.com,ky,Kentucky,PROVIDER,2027-05-08
onboarding,3,Veterans Administration,114,vac10accessgwsqa01.va.gov,nyc,New York City - New York State,PROVIDER,2026-12-16
onboarding,3,Veterans Administration,114,preprodcernerspaces.com,nyc,New York City - New York State,PROVIDER,2027-05-08
onboarding,3,Veterans Administration,114,vac10accessgwsqa01.va.gov,md_c,Maryland (Provider Connect),PROVIDER,2026-12-16
onboarding,3,Veterans Administration,114,preprodcernerspaces.com,md_c,Maryland (Provider Connect),PROVIDER,2027-05-08
onboarding,3,Veterans Administration,114,vac10accessgwsqa01.va.gov,nc,North Carolina,PROVIDER,2026-12-16
onboarding,3,Veterans Administration,114,preprodcernerspaces.com,nc,North Carolina,PROVIDER,2027-05-08
onboarding,3,Veterans Administration,114,vac10accessgwsqa01.va.gov,mt,Montana,PROVIDER,2026-12-16
onboarding,3,Veterans Administration,114,preprodcernerspaces.com,mt,Montana,PROVIDER,2027-05-08
onboarding,3,Veterans Administration,114,vac10accessgwsqa01.va.gov,wa,Washington,PROVIDER,2026-12-16
onboarding,3,Veterans Administration,114,preprodcernerspaces.com,wa,Washington,PROVIDER,2027-05-08
onboarding,3,Veterans Administration,114,vac10accessgwsqa01.va.gov,co,Colorado,PROVIDER,2026-12-16
onboarding,3,Veterans Administration,114,preprodcernerspaces.com,co,Colorado,PROVIDER,2027-05-08
onboarding,3,Veterans Administration,114,vac10accessgwsqa01.va.gov,de,Delaware,PROVIDER,2026-12-16
onboarding,3,Veterans Administration,114,preprodcernerspaces.com,de,Delaware,PROVIDER,2027-05-08
onboarding,3,Veterans Administration,114,vac10accessgwsqa01.va.gov,ar,Arkansas,PROVIDER,2026-12-16
onboarding,3,Veterans Administration,114,preprodcernerspaces.com,ar,Arkansas,PROVIDER,2027-05-08
onboarding,3,Veterans Administration,114,vac10accessgwsqa01.va.gov,nv,Nevada,PROVIDER,2026-12-16
onboarding,3,Veterans Administration,114,preprodcernerspaces.com,nv,Nevada,PROVIDER,2027-05-08
onboarding,3,Veterans Administration,114,vac10accessgwsqa01.va.gov,la,Louisiana,PROVIDER,2026-12-16
onboarding,3,Veterans Administration,114,preprodcernerspaces.com,la,Louisiana,PROVIDER,2027-05-08
onboarding,3,Veterans Administration,114,vac10accessgwsqa01.va.gov,dc,District of Columbia,PROVIDER,2026-12-16
onboarding,3,Veterans Administration,114,preprodcernerspaces.com,dc,District of Columbia,PROVIDER,2027-05-08
onboarding,3,Veterans Administration,114,vac10accessgwsqa01.va.gov,ut,Utah,PROVIDER,2026-12-16
onboarding,3,Veterans Administration,114,preprodcernerspaces.com,ut,Utah,PROVIDER,2027-05-08
onboarding,3,Veterans Administration,114,vac10accessgwsqa01.va.gov,il,Illinois,PROVIDER,2026-12-16
onboarding,3,Veterans Administration,114,preprodcernerspaces.com,il,Illinois,PROVIDER,2027-05-08
onboarding,3,Veterans Administration,114,vac10accessgwsqa01.va.gov,ia,Iowa,PROVIDER,2026-12-16
onboarding,3,Veterans Administration,114,preprodcernerspaces.com,ia,Iowa,PROVIDER,2027-05-08
onboarding,3,Veterans Administration,114,vac10accessgwsqa01.va.gov,id,Idaho,PROVIDER,2026-12-16
onboarding,3,Veterans Administration,114,preprodcernerspaces.com,id,Idaho,PROVIDER,2027-05-08
onboarding,3,Veterans Administration,114,vac10accessgwsqa01.va.gov,nd,North Dakota,PROVIDER,2026-12-16
onboarding,3,Veterans Administration,114,preprodcernerspaces.com,nd,North Dakota,PROVIDER,2027-05-08
onboarding,3,Veterans Administration,114,vac10accessgwsqa01.va.gov,ph,Pennsylvania - Philadelphia,PROVIDER,2026-12-16
onboarding,3,Veterans Administration,114,preprodcernerspaces.com,ph,Pennsylvania - Philadelphia,PROVIDER,2027-05-08
onboarding,3,Veterans Administration,114,vac10accessgwsqa01.va.gov,oh,Ohio,PROVIDER,2026-12-16
onboarding,3,Veterans Administration,114,preprodcernerspaces.com,oh,Ohio,PROVIDER,2027-05-08
onboarding,3,Veterans Administration,114,vac10accessgwsqa01.va.gov,tx,Texas,PROVIDER,2026-12-16
onboarding,3,Veterans Administration,114,preprodcernerspaces.com,tx,Texas,PROVIDER,2027-05-08
onboarding,3,Veterans Administration,114,vac10accessgwsqa01.va.gov,ak,Alaska,PROVIDER,2026-12-16
onboarding,3,Veterans Administration,114,preprodcernerspaces.com,ak,Alaska,PROVIDER,2027-05-08
onboarding,3,Veterans Administration,114,vac10accessgwsqa01.va.gov,in,Indiana,PROVIDER,2026-12-16
onboarding,3,Veterans Administration,114,preprodcernerspaces.com,in,Indiana,PROVIDER,2027-05-08
onboarding,3,Veterans Administration,114,vac10accessgwsqa01.va.gov,mn,Minnesota,PROVIDER,2026-12-16
onboarding,3,Veterans Administration,114,preprodcernerspaces.com,mn,Minnesota,PROVIDER,2027-05-08
onboarding,3,Veterans Administration,114,vac10accessgwsqa01.va.gov,sd,South Dakota,PROVIDER,2026-12-16
onboarding,3,Veterans Administration,114,preprodcernerspaces.com,sd,South Dakota,PROVIDER,2027-05-08
onboarding,3,Veterans Administration,114,vac10accessgwsqa01.va.gov,ms,Mississippi,PROVIDER,2026-12-16
onboarding,3,Veterans Administration,114,preprodcernerspaces.com,ms,Mississippi,PROVIDER,2027-05-08
onboarding,3,Veterans Administration,114,vac10accessgwsqa01.va.gov,wi,Wisconsin,PROVIDER,2026-12-16
onboarding,3,Veterans Administration,114,preprodcernerspaces.com,wi,Wisconsin,PROVIDER,2027-05-08
onboarding,3,Veterans Administration,114,vac10accessgwsqa01.va.gov,wy,Wyoming,PROVIDER,2026-12-16
onboarding,3,Veterans Administration,114,preprodcernerspaces.com,wy,Wyoming,PROVIDER,2027-05-08
onboarding,3,Veterans Administration,114,vac10accessgwsqa01.va.gov,ri,Rhode Island,PROVIDER,2026-12-16
onboarding,3,Veterans Administration,114,preprodcernerspaces.com,ri,Rhode Island,PROVIDER,2027-05-08
onboarding,3,Veterans Administration,114,vac10accessgwsqa01.va.gov,or,Oregon,PROVIDER,2026-12-16
onboarding,3,Veterans Administration,114,preprodcernerspaces.com,or,Oregon,PROVIDER,2027-05-08
onboarding,3,Veterans Administration,114,vac10accessgwsqa01.va.gov,ct,Connecticut,PROVIDER,2026-12-16
onboarding,3,Veterans Administration,114,preprodcernerspaces.com,ct,Connecticut,PROVIDER,2027-05-08
onboarding,3,Veterans Administration,114,vac10accessgwsqa01.va.gov,ok,Oklahoma,PROVIDER,2026-12-16
onboarding,3,Veterans Administration,114,preprodcernerspaces.com,ok,Oklahoma,PROVIDER,2027-05-08
onboarding,3,Veterans Administration,114,vac10accessgwsqa01.va.gov,wv,West Virginia,PROVIDER,2026-12-16
onboarding,3,Veterans Administration,114,preprodcernerspaces.com,wv,West Virginia,PROVIDER,2027-05-08
onboarding,3,Veterans Administration,114,vac10accessgwsqa01.va.gov,ga,Georgia,PROVIDER,2026-12-16
onboarding,3,Veterans Administration,114,preprodcernerspaces.com,ga,Georgia,PROVIDER,2027-05-08
onboarding,3,Veterans Administration,114,vac10accessgwsqa01.va.gov,me,Maine,PROVIDER,2026-12-16
onboarding,3,Veterans Administration,114,preprodcernerspaces.com,me,Maine,PROVIDER,2027-05-08
onboarding,3,Veterans Administration,114,vac10accessgwsqa01.va.gov,ne,Nebraska,PROVIDER,2026-12-16
onboarding,3,Veterans Administration,114,preprodcernerspaces.com,ne,Nebraska,PROVIDER,2027-05-08
onboarding,3,Veterans Administration,114,vac10accessgwsqa01.va.gov,va,Virginia,PROVIDER,2026-12-16
onboarding,3,Veterans Administration,114,preprodcernerspaces.com,va,Virginia,PROVIDER,2027-05-08
onboarding,3,Veterans Administration,114,vac10accessgwsqa01.va.gov,tn,Tennessee,PROVIDER,2026-12-16
onboarding,3,Veterans Administration,114,preprodcernerspaces.com,tn,Tennessee,PROVIDER,2027-05-08
onboarding,3,Veterans Administration,114,vac10accessgwsqa01.va.gov,nj,New Jersey,PROVIDER,2026-12-16
onboarding,3,Veterans Administration,114,preprodcernerspaces.com,nj,New Jersey,PROVIDER,2027-05-08
onboarding,3,Veterans Administration,114,vac10accessgwsqa01.va.gov,mo,Missouri,PROVIDER,2026-12-16
onboarding,3,Veterans Administration,114,preprodcernerspaces.com,mo,Missouri,PROVIDER,2027-05-08
onboarding,3,Veterans Administration,114,vac10accessgwsqa01.va.gov,pr,Puerto Rico,PROVIDER,2026-12-16
onboarding,3,Veterans Administration,114,preprodcernerspaces.com,pr,Puerto Rico,PROVIDER,2027-05-08
onboarding,3,Veterans Administration,114,vac10accessgwsqa01.va.gov,ks,Kansas,PROVIDER,2026-12-16
onboarding,3,Veterans Administration,114,preprodcernerspaces.com,ks,Kansas,PROVIDER,2027-05-08
onboarding,3,Veterans Administration,114,vac10accessgwsqa01.va.gov,vt,Vermont,PROVIDER,2026-12-16
onboarding,3,Veterans Administration,114,preprodcernerspaces.com,vt,Vermont,PROVIDER,2027-05-08
onboarding,3,Veterans Administration,114,vac10accessgwsqa01.va.gov,ma,Massachusetts,PROVIDER,2026-12-16
onboarding,3,Veterans Administration,114,preprodcernerspaces.com,ma,Massachusetts,PROVIDER,2027-05-08
onboarding,3,Veterans Administration,114,vac10accessgwsqa01.va.gov,pa,Pennsylvania,PROVIDER,2026-12-16
onboarding,3,Veterans Administration,114,preprodcernerspaces.com,pa,Pennsylvania,PROVIDER,2027-05-08
onboarding,3,Veterans Administration,114,vac10accessgwsqa01.va.gov,vi,Virgin Islands U.S.,PROVIDER,2026-12-16
onboarding,3,Veterans Administration,114,preprodcernerspaces.com,vi,Virgin Islands U.S.,PROVIDER,2027-05-08
onboarding,3,eHealth Exchange,100,ehealthexchange.org,nv,Nevada,PUBLIC_HEALTH,2026-09-09
onboarding,3,Veterans Administration,114,vac10accessgwsqa01.va.gov,ny_qbp,New York State (QBP),PROVIDER,2026-12-16
onboarding,3,Veterans Administration,114,preprodcernerspaces.com,ny_qbp,New York State (QBP),PROVIDER,2027-05-08
