"sender_destid","sender_name","receiver_destid","receiver_name","use_type","environments","notes"
"ak","Alaska","wa","Washington","PUBLIC_HEALTH","production|onboarding",""
"ak","Alaska","az","Arizona","PUBLIC_HEALTH","production|onboarding",""
"ak","Alaska","dc","District of Columbia","PUBLIC_HEALTH","production|onboarding",""
"ak","Alaska","in","Indiana","PUBLIC_HEALTH","production|onboarding",""
"ak","Alaska","la","Louisiana","PUBLIC_HEALTH","production|onboarding",""
"ak","Alaska","ms","Mississippi","PUBLIC_HEALTH","production|onboarding",""
"ak","Alaska","oh","Ohio","PUBLIC_HEALTH","production|onboarding",""
"ak","Alaska","pr","Puerto Rico","PUBLIC_HEALTH","production|onboarding",""
"ak","Alaska","sd","South Dakota","PUBLIC_HEALTH","production|onboarding",""
"ak","Alaska","wv","West Virginia","PUBLIC_HEALTH","production|onboarding",""
"ak","Alaska","wy","Wyoming","PUBLIC_HEALTH","production|onboarding",""
"ak","Alaska","tn","Tennessee","PUBLIC_HEALTH","production|onboarding",""
"ak","Alaska","va_s","Virginia (IIS)","PUBLIC_HEALTH","production|onboarding",""
"as","American Samoa - PI","fm","Micronesia - PI","PUBLIC_HEALTH","production|onboarding",""
"as","American Samoa - PI","mp","N. Mariana Islands - PI","PUBLIC_HEALTH","production|onboarding",""
"as","American Samoa - PI","mh","Marshall Islands - PI","PUBLIC_HEALTH","production|onboarding",""
"as","American Samoa - PI","pw","Palau - PI","PUBLIC_HEALTH","production|onboarding",""
"as","American Samoa - PI","gu","Guam - PI","PUBLIC_HEALTH","production|onboarding",""
"az","Arizona","in","Indiana","PUBLIC_HEALTH","production|onboarding",""
"az","Arizona","tn","Tennessee","PUBLIC_HEALTH","production|onboarding",""
"az","Arizona","wa","Washington","PUBLIC_HEALTH","production|onboarding",""
"az","Arizona","ak","Alaska","PUBLIC_HEALTH","production|onboarding",""
"az","Arizona","dc","District of Columbia","PUBLIC_HEALTH","production|onboarding",""
"az","Arizona","la","Louisiana","PUBLIC_HEALTH","production|onboarding",""
"az","Arizona","ms","Mississippi","PUBLIC_HEALTH","production|onboarding",""
"az","Arizona","oh","Ohio","PUBLIC_HEALTH","production|onboarding",""
"az","Arizona","pr","Puerto Rico","PUBLIC_HEALTH","production|onboarding",""
"az","Arizona","sd","South Dakota","PUBLIC_HEALTH","production|onboarding",""
"az","Arizona","wv","West Virginia","PUBLIC_HEALTH","production|onboarding",""
"az","Arizona","wy","Wyoming","PUBLIC_HEALTH","production|onboarding",""
"az","Arizona","md","Maryland","PUBLIC_HEALTH","production|onboarding",""
"az","Arizona","vi","Virgin Islands U.S.","PUBLIC_HEALTH","production|onboarding",""
"az","Arizona","wi","Wisconsin","PUBLIC_HEALTH","production|onboarding",""
"az","Arizona","il","Illinois","PUBLIC_HEALTH","production|onboarding",""
"az","Arizona","ct","Connecticut","PUBLIC_HEALTH","production|onboarding",""
"az","Arizona","nm","New Mexico","PUBLIC_HEALTH","production|onboarding",""
"az","Arizona","co","Colorado","PUBLIC_HEALTH","production|onboarding",""
"az","Arizona","nv","Nevada","PUBLIC_HEALTH","production|onboarding",""
"az","Arizona","ut","Utah","PUBLIC_HEALTH","production|onboarding",""
"az","Arizona","va_s","Virginia (IIS)","PUBLIC_HEALTH","production|onboarding",""
"az","Arizona","nv","Nevada","PUBLIC_HEALTH","production|onboarding",""
"ar","Arkansas","ks","Kansas","PUBLIC_HEALTH","production|onboarding",""
"ar","Arkansas","nv","Nevada","PUBLIC_HEALTH","production|onboarding",""
"ar","Arkansas","ok","Oklahoma","PUBLIC_HEALTH","production|onboarding",""
"ar","Arkansas","ky","Kentucky","PUBLIC_HEALTH","production|onboarding",""
"ar","Arkansas","ct","Connecticut","PUBLIC_HEALTH","production|onboarding",""
"ar","Arkansas","mo","Missouri","PUBLIC_HEALTH","production|onboarding",""
"ar","Arkansas","nm","New Mexico","PUBLIC_HEALTH","production|onboarding",""
"ar","Arkansas","de","Delaware","PUBLIC_HEALTH","production|onboarding",""
"ar","Arkansas","ms","Mississippi","PUBLIC_HEALTH","production|onboarding",""
"ar","Arkansas","pa","Pennsylvania","PUBLIC_HEALTH","production|onboarding",""
"ar","Arkansas","la","Louisiana","PUBLIC_HEALTH","production|onboarding",""
"ar","Arkansas","tn","Tennessee","PUBLIC_HEALTH","production|onboarding",""
"co","Colorado","ok","Oklahoma","PUBLIC_HEALTH","production|onboarding",""
"co","Colorado","nv","Nevada","PUBLIC_HEALTH","production|onboarding",""
"co","Colorado","nm","New Mexico","PUBLIC_HEALTH","production|onboarding",""
"co","Colorado","ks","Kansas","PUBLIC_HEALTH","production|onboarding",""
"co","Colorado","pa","Pennsylvania","PUBLIC_HEALTH","production|onboarding",""
"co","Colorado","az","Arizona","PUBLIC_HEALTH","production|onboarding",""
"co","Colorado","ut","Utah","PUBLIC_HEALTH","production|onboarding",""
"co","Colorado","wa","Washington","PUBLIC_HEALTH","production|onboarding",""
"co","Colorado","wy","Wyoming","PUBLIC_HEALTH","production|onboarding",""
"ct","Connecticut","de","Delaware","PUBLIC_HEALTH","production|onboarding",""
"ct","Connecticut","nv","Nevada","PUBLIC_HEALTH","production|onboarding",""
"ct","Connecticut","ph","Pennsylvania - Philadelphia","PUBLIC_HEALTH","production|onboarding",""
"ct","Connecticut","ri","Rhode Island","PUBLIC_HEALTH","production|onboarding",""
"ct","Connecticut","nj","New Jersey","PUBLIC_HEALTH","production|onboarding",""
"ct","Connecticut","nyc","New York City - New York State","PUBLIC_HEALTH","production|onboarding",""
"ct","Connecticut","ar","Arkansas","PUBLIC_HEALTH","production|onboarding",""
"ct","Connecticut","nm","New Mexico","PUBLIC_HEALTH","production|onboarding",""
"ct","Connecticut","ok","Oklahoma","PUBLIC_HEALTH","production|onboarding",""
"ct","Connecticut","ks","Kansas","PUBLIC_HEALTH","production|onboarding",""
"ct","Connecticut","ky","Kentucky","PUBLIC_HEALTH","production|onboarding",""
"ct","Connecticut","mo","Missouri","PUBLIC_HEALTH","production|onboarding",""
"ct","Connecticut","mi","Michigan","PUBLIC_HEALTH","production|onboarding",""
"ct","Connecticut","fl","Florida","PUBLIC_HEALTH","production|onboarding",""
"ct","Connecticut","pa","Pennsylvania","PUBLIC_HEALTH","production|onboarding",""
"ct","Connecticut","pr","Puerto Rico","PUBLIC_HEALTH","production|onboarding",""
"ct","Connecticut","md","Maryland","PUBLIC_HEALTH","production|onboarding",""
"ct","Connecticut","az","Arizona","PUBLIC_HEALTH","production|onboarding",""
"ct","Connecticut","vi","Virgin Islands U.S.","PUBLIC_HEALTH","production|onboarding",""
"ct","Connecticut","il","Illinois","PUBLIC_HEALTH","production|onboarding",""
"de","Delaware","ph","Pennsylvania - Philadelphia","PUBLIC_HEALTH","production|onboarding",""
"de","Delaware","dc","District of Columbia","PUBLIC_HEALTH","production|onboarding",""
"de","Delaware","md","Maryland","PUBLIC_HEALTH","production|onboarding",""
"de","Delaware","ct","Connecticut","PUBLIC_HEALTH","production|onboarding",""
"de","Delaware","nj","New Jersey","PUBLIC_HEALTH","production|onboarding",""
"de","Delaware","ky","Kentucky","PUBLIC_HEALTH","production|onboarding",""
"de","Delaware","nv","Nevada","PUBLIC_HEALTH","production|onboarding",""
"de","Delaware","va_s","Virginia (IIS)","PUBLIC_HEALTH","production|onboarding",""
"de","Delaware","nm","New Mexico","PUBLIC_HEALTH","production|onboarding",""
"de","Delaware","mo","Missouri","PUBLIC_HEALTH","production|onboarding",""
"de","Delaware","ok","Oklahoma","PUBLIC_HEALTH","production|onboarding",""
"de","Delaware","ri","Rhode Island","PUBLIC_HEALTH","production|onboarding",""
"de","Delaware","ar","Arkansas","PUBLIC_HEALTH","production|onboarding",""
"de","Delaware","pa","Pennsylvania","PUBLIC_HEALTH","production|onboarding",""
"dc","District of Columbia","wa","Washington","PUBLIC_HEALTH","production|onboarding",""
"dc","District of Columbia","wv","West Virginia","PUBLIC_HEALTH","production|onboarding",""
"dc","District of Columbia","wy","Wyoming","PUBLIC_HEALTH","production|onboarding",""
"dc","District of Columbia","in","Indiana","PUBLIC_HEALTH","production|onboarding",""
"dc","District of Columbia","la","Louisiana","PUBLIC_HEALTH","production|onboarding",""
"dc","District of Columbia","oh","Ohio","PUBLIC_HEALTH","production|onboarding",""
"dc","District of Columbia","tn","Tennessee","PUBLIC_HEALTH","production|onboarding",""
"dc","District of Columbia","de","Delaware","PUBLIC_HEALTH","production|onboarding",""
"dc","District of Columbia","md","Maryland","PUBLIC_HEALTH","production|onboarding",""
"dc","District of Columbia","ak","Alaska","PUBLIC_HEALTH","production|onboarding",""
"dc","District of Columbia","az","Arizona","PUBLIC_HEALTH","production|onboarding",""
"dc","District of Columbia","ms","Mississippi","PUBLIC_HEALTH","production|onboarding",""
"dc","District of Columbia","pr","Puerto Rico","PUBLIC_HEALTH","production|onboarding",""
"dc","District of Columbia","sd","South Dakota","PUBLIC_HEALTH","production|onboarding",""
"dc","District of Columbia","va_s","Virginia (IIS)","PUBLIC_HEALTH","production|onboarding",""
"dc","District of Columbia","ky","Kentucky","PUBLIC_HEALTH","production|onboarding",""
"dc","District of Columbia","nyc","New York City - New York State","PUBLIC_HEALTH","production|onboarding",""
"dc","District of Columbia","pa","Pennsylvania","PUBLIC_HEALTH","production|onboarding",""
"dc","District of Columbia","ph","Pennsylvania - Philadelphia","PUBLIC_HEALTH","production|onboarding",""
"dc","District of Columbia","vi","Virgin Islands U.S.","PUBLIC_HEALTH","production|onboarding",""
"fl","Florida","nyc","New York City - New York State","PUBLIC_HEALTH","production|onboarding",""
"fl","Florida","nj","New Jersey","PUBLIC_HEALTH","production|onboarding",""
"fl","Florida","vi","Virgin Islands U.S.","PUBLIC_HEALTH","production|onboarding",""
"fl","Florida","ct","Connecticut","PUBLIC_HEALTH","production|onboarding",""
"fl","Florida","ri","Rhode Island","PUBLIC_HEALTH","production|onboarding",""
"fl","Florida","il","Illinois","PUBLIC_HEALTH","production|onboarding",""
"fl","Florida","ut","Utah","PUBLIC_HEALTH","production|onboarding",""
"fl","Florida","mi","Michigan","PUBLIC_HEALTH","production|onboarding",""
"fl","Florida","al","Alabama","PUBLIC_HEALTH","production|onboarding",""
"fl","Florida","in","Indiana","PUBLIC_HEALTH","production|onboarding",""
"fl","Florida","ky","Kentucky","PUBLIC_HEALTH","production|onboarding",""
"fl","Florida","ms","Mississippi","PUBLIC_HEALTH","production|onboarding",""
"fl","Florida","mo","Missouri","PUBLIC_HEALTH","production|onboarding",""
"fl","Florida","oh","Ohio","PUBLIC_HEALTH","production|onboarding",""
"fl","Florida","tn","Tennessee","PUBLIC_HEALTH","production|onboarding",""
"gu","Guam - PI","fm","Micronesia - PI","PUBLIC_HEALTH","production|onboarding",""
"gu","Guam - PI","mp","N. Mariana Islands - PI","PUBLIC_HEALTH","production|onboarding",""
"gu","Guam - PI","mh","Marshall Islands - PI","PUBLIC_HEALTH","production|onboarding",""
"gu","Guam - PI","pw","Palau - PI","PUBLIC_HEALTH","production|onboarding",""
"gu","Guam - PI","as","American Samoa - PI","PUBLIC_HEALTH","production|onboarding",""
"il","Illinois","mi","Michigan","PUBLIC_HEALTH","production|onboarding",""
"il","Illinois","ri","Rhode Island","PUBLIC_HEALTH","production|onboarding",""
"il","Illinois","ph","Pennsylvania - Philadelphia","PUBLIC_HEALTH","production|onboarding",""
"il","Illinois","fl","Florida","PUBLIC_HEALTH","production|onboarding",""
"il","Illinois","nj","New Jersey","PUBLIC_HEALTH","production|onboarding",""
"il","Illinois","ut","Utah","PUBLIC_HEALTH","production|onboarding",""
"il","Illinois","in","Indiana","PUBLIC_HEALTH","production|onboarding",""
"il","Illinois","ms","Mississippi","PUBLIC_HEALTH","production|onboarding",""
"il","Illinois","oh","Ohio","PUBLIC_HEALTH","production|onboarding",""
"il","Illinois","tn","Tennessee","PUBLIC_HEALTH","production|onboarding",""
"il","Illinois","pr","Puerto Rico","PUBLIC_HEALTH","production|onboarding",""
"il","Illinois","md","Maryland","PUBLIC_HEALTH","production|onboarding",""
"il","Illinois","az","Arizona","PUBLIC_HEALTH","production|onboarding",""
"il","Illinois","vi","Virgin Islands U.S.","PUBLIC_HEALTH","production|onboarding",""
"il","Illinois","wi","Wisconsin","PUBLIC_HEALTH","production|onboarding",""
"il","Illinois","ct","Connecticut","PUBLIC_HEALTH","production|onboarding",""
"il","Illinois","nm","New Mexico","PUBLIC_HEALTH","production|onboarding",""
"in","Indiana","wa","Washington","PUBLIC_HEALTH","production|onboarding",""
"in","Indiana","pr","Puerto Rico","PUBLIC_HEALTH","production|onboarding",""
"in","Indiana","wv","West Virginia","PUBLIC_HEALTH","production|onboarding",""
"in","Indiana","dc","District of Columbia","PUBLIC_HEALTH","production|onboarding",""
"in","Indiana","wy","Wyoming","PUBLIC_HEALTH","production|onboarding",""
"in","Indiana","az","Arizona","PUBLIC_HEALTH","production|onboarding",""
"in","Indiana","oh","Ohio","PUBLIC_HEALTH","production|onboarding",""
"in","Indiana","tn","Tennessee","PUBLIC_HEALTH","production|onboarding",""
"in","Indiana","la","Louisiana","PUBLIC_HEALTH","production|onboarding",""
"in","Indiana","ak","Alaska","PUBLIC_HEALTH","production|onboarding",""
"in","Indiana","ms","Mississippi","PUBLIC_HEALTH","production|onboarding",""
"in","Indiana","sd","South Dakota","PUBLIC_HEALTH","production|onboarding",""
"in","Indiana","fl","Florida","PUBLIC_HEALTH","production|onboarding",""
"in","Indiana","il","Illinois","PUBLIC_HEALTH","production|onboarding",""
"in","Indiana","ky","Kentucky","PUBLIC_HEALTH","production|onboarding",""
"in","Indiana","mi","Michigan","PUBLIC_HEALTH","production|onboarding",""
"in","Indiana","mo","Missouri","PUBLIC_HEALTH","production|onboarding",""
"in","Indiana","va_s","Virginia (IIS)","PUBLIC_HEALTH","production|onboarding",""
"ks","Kansas","ok","Oklahoma","PUBLIC_HEALTH","production|onboarding",""
"ks","Kansas","ar","Arkansas","PUBLIC_HEALTH","production|onboarding",""
"ks","Kansas","ct","Connecticut","PUBLIC_HEALTH","production|onboarding",""
"ks","Kansas","nm","New Mexico","PUBLIC_HEALTH","production|onboarding",""
"ks","Kansas","nv","Nevada","PUBLIC_HEALTH","production|onboarding",""
"ks","Kansas","ky","Kentucky","PUBLIC_HEALTH","production|onboarding",""
"ks","Kansas","co","Colorado","PUBLIC_HEALTH","production|onboarding",""
"ks","Kansas","mo","Missouri","PUBLIC_HEALTH","production|onboarding",""
"ks","Kansas","pa","Pennsylvania","PUBLIC_HEALTH","production|onboarding",""
"ky","Kentucky","tn","Tennessee","PUBLIC_HEALTH","production|onboarding",""
"ky","Kentucky","de","Delaware","PUBLIC_HEALTH","production|onboarding",""
"ky","Kentucky","nj","New Jersey","PUBLIC_HEALTH","production|onboarding",""
"ky","Kentucky","ok","Oklahoma","PUBLIC_HEALTH","production|onboarding",""
"ky","Kentucky","ar","Arkansas","PUBLIC_HEALTH","production|onboarding",""
"ky","Kentucky","nv","Nevada","PUBLIC_HEALTH","production|onboarding",""
"ky","Kentucky","mi","Michigan","PUBLIC_HEALTH","production|onboarding",""
"ky","Kentucky","nm","New Mexico","PUBLIC_HEALTH","production|onboarding",""
"ky","Kentucky","ct","Connecticut","PUBLIC_HEALTH","production|onboarding",""
"ky","Kentucky","mo","Missouri","PUBLIC_HEALTH","production|onboarding",""
"ky","Kentucky","ri","Rhode Island","PUBLIC_HEALTH","production|onboarding",""
"ky","Kentucky","ks","Kansas","PUBLIC_HEALTH","production|onboarding",""
"ky","Kentucky","pa","Pennsylvania","PUBLIC_HEALTH","production|onboarding",""
"ky","Kentucky","fl","Florida","PUBLIC_HEALTH","production|onboarding",""
"ky","Kentucky","in","Indiana","PUBLIC_HEALTH","production|onboarding",""
"ky","Kentucky","ms","Mississippi","PUBLIC_HEALTH","production|onboarding",""
"ky","Kentucky","oh","Ohio","PUBLIC_HEALTH","production|onboarding",""
"ky","Kentucky","dc","District of Columbia","PUBLIC_HEALTH","production|onboarding",""
"ky","Kentucky","md","Maryland","PUBLIC_HEALTH","production|onboarding",""
"ky","Kentucky","nyc","New York City - New York State","PUBLIC_HEALTH","production|onboarding",""
"ky","Kentucky","pr","Puerto Rico","PUBLIC_HEALTH","production|onboarding",""
"la","Louisiana","tn","Tennessee","PUBLIC_HEALTH","production|onboarding",""
"la","Louisiana","wa","Washington","PUBLIC_HEALTH","production|onboarding",""
"la","Louisiana","wy","Wyoming","PUBLIC_HEALTH","production|onboarding",""
"la","Louisiana","dc","District of Columbia","PUBLIC_HEALTH","production|onboarding",""
"la","Louisiana","wv","West Virginia","PUBLIC_HEALTH","production|onboarding",""
"la","Louisiana","ms","Mississippi","PUBLIC_HEALTH","production|onboarding",""
"la","Louisiana","in","Indiana","PUBLIC_HEALTH","production|onboarding",""
"la","Louisiana","pr","Puerto Rico","PUBLIC_HEALTH","production|onboarding",""
"la","Louisiana","oh","Ohio","PUBLIC_HEALTH","production|onboarding",""
"la","Louisiana","ak","Alaska","PUBLIC_HEALTH","production|onboarding",""
"la","Louisiana","az","Arizona","PUBLIC_HEALTH","production|onboarding",""
"la","Louisiana","sd","South Dakota","PUBLIC_HEALTH","production|onboarding",""
"la","Louisiana","va_s","Virginia (IIS)","PUBLIC_HEALTH","production|onboarding",""
"la","Louisiana","ar","Arkansas","PUBLIC_HEALTH","production|onboarding",""
"la","Louisiana","ky","Kentucky","PUBLIC_HEALTH","production|onboarding",""
"mh","Marshall Islands - PI","as","American Samoa - PI","PUBLIC_HEALTH","production|onboarding",""
"mh","Marshall Islands - PI","fm","Micronesia - PI","PUBLIC_HEALTH","production|onboarding",""
"mh","Marshall Islands - PI","mp","N. Mariana Islands - PI","PUBLIC_HEALTH","production|onboarding",""
"mh","Marshall Islands - PI","pw","Palau - PI","PUBLIC_HEALTH","production|onboarding",""
"mh","Marshall Islands - PI","gu","Guam - PI","PUBLIC_HEALTH","production|onboarding",""
"md","Maryland","de","Delaware","PUBLIC_HEALTH","production|onboarding",""
"md","Maryland","dc","District of Columbia","PUBLIC_HEALTH","production|onboarding",""
"md","Maryland","va_s","Virginia (IIS)","PUBLIC_HEALTH","production|onboarding",""
"md","Maryland","pr","Puerto Rico","PUBLIC_HEALTH","production|onboarding",""
"md","Maryland","vi","Virgin Islands U.S.","PUBLIC_HEALTH","production|onboarding",""
"md","Maryland","wi","Wisconsin","PUBLIC_HEALTH","production|onboarding",""
"md","Maryland","il","Illinois","PUBLIC_HEALTH","production|onboarding",""
"md","Maryland","ct","Connecticut","PUBLIC_HEALTH","production|onboarding",""
"md","Maryland","nm","New Mexico","PUBLIC_HEALTH","production|onboarding",""
"md","Maryland","az","Arizona","PUBLIC_HEALTH","production|onboarding",""
"md","Maryland","ky","Kentucky","PUBLIC_HEALTH","production|onboarding",""
"md","Maryland","nj","New Jersey","PUBLIC_HEALTH","production|onboarding",""
"md","Maryland","nyc","New York City - New York State","PUBLIC_HEALTH","production|onboarding",""
"md","Maryland","ph","Pennsylvania - Philadelphia","PUBLIC_HEALTH","production|onboarding",""
"mi","Michigan","il","Illinois","PUBLIC_HEALTH","production|onboarding",""
"mi","Michigan","ky","Kentucky","PUBLIC_HEALTH","production|onboarding",""
"mi","Michigan","ct","Connecticut","PUBLIC_HEALTH","production|onboarding",""
"mi","Michigan","ri","Rhode Island","PUBLIC_HEALTH","production|onboarding",""
"mi","Michigan","nj","New Jersey","PUBLIC_HEALTH","production|onboarding",""
"mi","Michigan","fl","Florida","PUBLIC_HEALTH","production|onboarding",""
"mi","Michigan","ut","Utah","PUBLIC_HEALTH","production|onboarding",""
"mi","Michigan","in","Indiana","PUBLIC_HEALTH","production|onboarding",""
"mi","Michigan","oh","Ohio","PUBLIC_HEALTH","production|onboarding",""
"mi","Michigan","ms","Mississippi","PUBLIC_HEALTH","production|onboarding",""
"mi","Michigan","tn","Tennessee","PUBLIC_HEALTH","production|onboarding",""
"fm","Micronesia - PI","as","American Samoa - PI","PUBLIC_HEALTH","production|onboarding",""
"fm","Micronesia - PI","pw","Palau - PI","PUBLIC_HEALTH","production|onboarding",""
"fm","Micronesia - PI","mh","Marshall Islands - PI","PUBLIC_HEALTH","production|onboarding",""
"fm","Micronesia - PI","mp","N. Mariana Islands - PI","PUBLIC_HEALTH","production|onboarding",""
"fm","Micronesia - PI","gu","Guam - PI","PUBLIC_HEALTH","production|onboarding",""
"ms","Mississippi","tn","Tennessee","PUBLIC_HEALTH","production|onboarding",""
"ms","Mississippi","la","Louisiana","PUBLIC_HEALTH","production|onboarding",""
"ms","Mississippi","ar","Arkansas","PUBLIC_HEALTH","production|onboarding",""
"ms","Mississippi","wa","Washington","PUBLIC_HEALTH","production|onboarding",""
"ms","Mississippi","ak","Alaska","PUBLIC_HEALTH","production|onboarding",""
"ms","Mississippi","az","Arizona","PUBLIC_HEALTH","production|onboarding",""
"ms","Mississippi","dc","District of Columbia","PUBLIC_HEALTH","production|onboarding",""
"ms","Mississippi","in","Indiana","PUBLIC_HEALTH","production|onboarding",""
"ms","Mississippi","oh","Ohio","PUBLIC_HEALTH","production|onboarding",""
"ms","Mississippi","pr","Puerto Rico","PUBLIC_HEALTH","production|onboarding",""
"ms","Mississippi","sd","South Dakota","PUBLIC_HEALTH","production|onboarding",""
"ms","Mississippi","wv","West Virginia","PUBLIC_HEALTH","production|onboarding",""
"ms","Mississippi","wy","Wyoming","PUBLIC_HEALTH","production|onboarding",""
"ms","Mississippi","fl","Florida","PUBLIC_HEALTH","production|onboarding",""
"ms","Mississippi","il","Illinois","PUBLIC_HEALTH","production|onboarding",""
"ms","Mississippi","ky","Kentucky","PUBLIC_HEALTH","production|onboarding",""
"ms","Mississippi","mi","Michigan","PUBLIC_HEALTH","production|onboarding",""
"ms","Mississippi","mo","Missouri","PUBLIC_HEALTH","production|onboarding",""
"ms","Mississippi","va_s","Virginia (IIS)","PUBLIC_HEALTH","production|onboarding",""
"mo","Missouri","ok","Oklahoma","PUBLIC_HEALTH","production|onboarding",""
"mo","Missouri","ar","Arkansas","PUBLIC_HEALTH","production|onboarding",""
"mo","Missouri","nv","Nevada","PUBLIC_HEALTH","production|onboarding",""
"mo","Missouri","ct","Connecticut","PUBLIC_HEALTH","production|onboarding",""
"mo","Missouri","nm","New Mexico","PUBLIC_HEALTH","production|onboarding",""
"mo","Missouri","de","Delaware","PUBLIC_HEALTH","production|onboarding",""
"mo","Missouri","ky","Kentucky","PUBLIC_HEALTH","production|onboarding",""
"mo","Missouri","fl","Florida","PUBLIC_HEALTH","production|onboarding",""
"mo","Missouri","in","Indiana","PUBLIC_HEALTH","production|onboarding",""
"mo","Missouri","ms","Mississippi","PUBLIC_HEALTH","production|onboarding",""
"mo","Missouri","oh","Ohio","PUBLIC_HEALTH","production|onboarding",""
"mo","Missouri","tn","Tennessee","PUBLIC_HEALTH","production|onboarding",""
"mo","Missouri","ks","Kansas","PUBLIC_HEALTH","production|onboarding",""
"mo","Missouri","pa","Pennsylvania","PUBLIC_HEALTH","production|onboarding",""
"mp","N. Mariana Islands - PI","as","American Samoa - PI","PUBLIC_HEALTH","production|onboarding",""
"mp","N. Mariana Islands - PI","pw","Palau - PI","PUBLIC_HEALTH","production|onboarding",""
"mp","N. Mariana Islands - PI","mh","Marshall Islands - PI","PUBLIC_HEALTH","production|onboarding",""
"mp","N. Mariana Islands - PI","fm","Micronesia - PI","PUBLIC_HEALTH","production|onboarding",""
"mp","N. Mariana Islands - PI","gu","Guam - PI","PUBLIC_HEALTH","production|onboarding",""
"nv","Nevada","ok","Oklahoma","PUBLIC_HEALTH","production|onboarding",""
"nv","Nevada","nm","New Mexico","PUBLIC_HEALTH","production|onboarding",""
"nv","Nevada","de","Delaware","PUBLIC_HEALTH","production|onboarding",""
"nv","Nevada","ar","Arkansas","PUBLIC_HEALTH","production|onboarding",""
"nv","Nevada","co","Colorado","PUBLIC_HEALTH","production|onboarding",""
"nv","Nevada","ct","Connecticut","PUBLIC_HEALTH","production|onboarding",""
"nv","Nevada","ut","Utah","PUBLIC_HEALTH","production|onboarding",""
"nv","Nevada","ph","Pennsylvania - Philadelphia","PUBLIC_HEALTH","production|onboarding",""
"nv","Nevada","ky","Kentucky","PUBLIC_HEALTH","production|onboarding",""
"nv","Nevada","or","Oregon","PUBLIC_HEALTH","production|onboarding",""
"nv","Nevada","ks","Kansas","PUBLIC_HEALTH","production|onboarding",""
"nv","Nevada","mo","Missouri","PUBLIC_HEALTH","production|onboarding",""
"nv","Nevada","pa","Pennsylvania","PUBLIC_HEALTH","production|onboarding",""
"nv","Nevada","az","Arizona","PUBLIC_HEALTH","production|onboarding",""
"nv","Nevada","wa","Washington","PUBLIC_HEALTH","production|onboarding",""
"nv","Nevada","wy","Wyoming","PUBLIC_HEALTH","production|onboarding",""
"nj","New Jersey","ct","Connecticut","PUBLIC_HEALTH","production|onboarding",""
"nj","New Jersey","de","Delaware","PUBLIC_HEALTH","production|onboarding",""
"nj","New Jersey","ri","Rhode Island","PUBLIC_HEALTH","production|onboarding",""
"nj","New Jersey","ph","Pennsylvania - Philadelphia","PUBLIC_HEALTH","production|onboarding",""
"nj","New Jersey","ky","Kentucky","PUBLIC_HEALTH","production|onboarding",""
"nj","New Jersey","nyc","New York City - New York State","PUBLIC_HEALTH","production|onboarding",""
"nj","New Jersey","fl","Florida","PUBLIC_HEALTH","production|onboarding",""
"nj","New Jersey","mi","Michigan","PUBLIC_HEALTH","production|onboarding",""
"nj","New Jersey","il","Illinois","PUBLIC_HEALTH","production|onboarding",""
"nj","New Jersey","ut","Utah","PUBLIC_HEALTH","production|onboarding",""
"nj","New Jersey","wi","Wisconsin","PUBLIC_HEALTH","production|onboarding",""
"nj","New Jersey","md","Maryland","PUBLIC_HEALTH","production|onboarding",""
"nj","New Jersey","oh","Ohio","PUBLIC_HEALTH","production|onboarding",""
"nj","New Jersey","pa","Pennsylvania","PUBLIC_HEALTH","production|onboarding",""
"nj","New Jersey","pr","Puerto Rico","PUBLIC_HEALTH","production|onboarding",""
"nj","New Jersey","vi","Virgin Islands U.S.","PUBLIC_HEALTH","production|onboarding",""
"nj","New Jersey","va_s","Virginia (IIS)","PUBLIC_HEALTH","production|onboarding",""
"nj","New Jersey","wv","West Virginia","PUBLIC_HEALTH","production|onboarding",""
"nm","New Mexico","ky","Kentucky","PUBLIC_HEALTH","production|onboarding",""
"nm","New Mexico","nv","Nevada","PUBLIC_HEALTH","production|onboarding",""
"nm","New Mexico","ok","Oklahoma","PUBLIC_HEALTH","production|onboarding",""
"nm","New Mexico","ct","Connecticut","PUBLIC_HEALTH","production|onboarding",""
"nm","New Mexico","de","Delaware","PUBLIC_HEALTH","production|onboarding",""
"nm","New Mexico","ks","Kansas","PUBLIC_HEALTH","production|onboarding",""
"nm","New Mexico","mo","Missouri","PUBLIC_HEALTH","production|onboarding",""
"nm","New Mexico","ar","Arkansas","PUBLIC_HEALTH","production|onboarding",""
"nm","New Mexico","ut","Utah","PUBLIC_HEALTH","production|onboarding",""
"nm","New Mexico","co","Colorado","PUBLIC_HEALTH","production|onboarding",""
"nm","New Mexico","or","Oregon","PUBLIC_HEALTH","production|onboarding",""
"nm","New Mexico","tx","Texas","PUBLIC_HEALTH","production|onboarding",""
"nm","New Mexico","pr","Puerto Rico","PUBLIC_HEALTH","production|onboarding",""
"nm","New Mexico","md","Maryland","PUBLIC_HEALTH","production|onboarding",""
"nm","New Mexico","az","Arizona","PUBLIC_HEALTH","production|onboarding",""
"nm","New Mexico","vi","Virgin Islands U.S.","PUBLIC_HEALTH","production|onboarding",""
"nm","New Mexico","il","Illinois","PUBLIC_HEALTH","production|onboarding",""
"nm","New Mexico","wa","Washington","PUBLIC_HEALTH","production|onboarding",""
"nm","New Mexico","wy","Wyoming","PUBLIC_HEALTH","production|onboarding",""
"nm","New Mexico","pa","Pennsylvania","PUBLIC_HEALTH","production|onboarding",""
"nyc","New York City - New York State","ri","Rhode Island","PUBLIC_HEALTH","production|onboarding",""
"nyc","New York City - New York State","ct","Connecticut","PUBLIC_HEALTH","production|onboarding",""
"nyc","New York City - New York State","nj","New Jersey","PUBLIC_HEALTH","production|onboarding",""
"nyc","New York City - New York State","ph","Pennsylvania - Philadelphia","PUBLIC_HEALTH","production|onboarding",""
"nyc","New York City - New York State","vi","Virgin Islands U.S.","PUBLIC_HEALTH","production|onboarding",""
"nyc","New York City - New York State","fl","Florida","PUBLIC_HEALTH","production|onboarding",""
"nyc","New York City - New York State","dc","District of Columbia","PUBLIC_HEALTH","production|onboarding",""
"nyc","New York City - New York State","ky","Kentucky","PUBLIC_HEALTH","production|onboarding",""
"nyc","New York City - New York State","md","Maryland","PUBLIC_HEALTH","production|onboarding",""
"nyc","New York City - New York State","oh","Ohio","PUBLIC_HEALTH","production|onboarding",""
"nyc","New York City - New York State","pa","Pennsylvania","PUBLIC_HEALTH","production|onboarding",""
"nyc","New York City - New York State","pr","Puerto Rico","PUBLIC_HEALTH","production|onboarding",""
"nyc","New York City - New York State","va_s","Virginia (IIS)","PUBLIC_HEALTH","production|onboarding",""
"nyc","New York City - New York State","wv","West Virginia","PUBLIC_HEALTH","production|onboarding",""
"nd","North Dakota","sd","South Dakota","PUBLIC_HEALTH","production|onboarding",""
"nd","North Dakota","az","Arizona","PUBLIC_HEALTH","production|onboarding",""
"oh","Ohio","wa","Washington","PUBLIC_HEALTH","production|onboarding",""
"oh","Ohio","in","Indiana","PUBLIC_HEALTH","production|onboarding",""
"oh","Ohio","pr","Puerto Rico","PUBLIC_HEALTH","production|onboarding",""
"oh","Ohio","tn","Tennessee","PUBLIC_HEALTH","production|onboarding",""
"oh","Ohio","wv","West Virginia","PUBLIC_HEALTH","production|onboarding",""
"oh","Ohio","dc","District of Columbia","PUBLIC_HEALTH","production|onboarding",""
"oh","Ohio","wy","Wyoming","PUBLIC_HEALTH","production|onboarding",""
"oh","Ohio","la","Louisiana","PUBLIC_HEALTH","production|onboarding",""
"oh","Ohio","ak","Alaska","PUBLIC_HEALTH","production|onboarding",""
"oh","Ohio","az","Arizona","PUBLIC_HEALTH","production|onboarding",""
"oh","Ohio","ms","Mississippi","PUBLIC_HEALTH","production|onboarding",""
"oh","Ohio","sd","South Dakota","PUBLIC_HEALTH","production|onboarding",""
"oh","Ohio","fl","Florida","PUBLIC_HEALTH","production|onboarding",""
"oh","Ohio","il","Illinois","PUBLIC_HEALTH","production|onboarding",""
"oh","Ohio","ky","Kentucky","PUBLIC_HEALTH","production|onboarding",""
"oh","Ohio","mi","Michigan","PUBLIC_HEALTH","production|onboarding",""
"oh","Ohio","mo","Missouri","PUBLIC_HEALTH","production|onboarding",""
"oh","Ohio","va_s","Virginia (IIS)","PUBLIC_HEALTH","production|onboarding",""
"oh","Ohio","nj","New Jersey","PUBLIC_HEALTH","production|onboarding",""
"oh","Ohio","nyc","New York City - New York State","PUBLIC_HEALTH","production|onboarding",""
"oh","Ohio","pa","Pennsylvania","PUBLIC_HEALTH","production|onboarding",""
"ok","Oklahoma","ar","Arkansas","PUBLIC_HEALTH","production|onboarding",""
"ok","Oklahoma","ph","Pennsylvania - Philadelphia","PUBLIC_HEALTH","production|onboarding",""
"ok","Oklahoma","nm","New Mexico","PUBLIC_HEALTH","production|onboarding",""
"ok","Oklahoma","nv","Nevada","PUBLIC_HEALTH","production|onboarding",""
"ok","Oklahoma","co","Colorado","PUBLIC_HEALTH","production|onboarding",""
"ok","Oklahoma","ks","Kansas","PUBLIC_HEALTH","production|onboarding",""
"ok","Oklahoma","ky","Kentucky","PUBLIC_HEALTH","production|onboarding",""
"ok","Oklahoma","ct","Connecticut","PUBLIC_HEALTH","production|onboarding",""
"ok","Oklahoma","mo","Missouri","PUBLIC_HEALTH","production|onboarding",""
"ok","Oklahoma","de","Delaware","PUBLIC_HEALTH","production|onboarding",""
"ok","Oklahoma","pa","Pennsylvania","PUBLIC_HEALTH","production|onboarding",""
"or","Oregon","nv","Nevada","PUBLIC_HEALTH","production|onboarding",""
"or","Oregon","nm","New Mexico","PUBLIC_HEALTH","production|onboarding",""
"pw","Palau - PI","fm","Micronesia - PI","PUBLIC_HEALTH","production|onboarding",""
"pw","Palau - PI","mp","N. Mariana Islands - PI","PUBLIC_HEALTH","production|onboarding",""
"pw","Palau - PI","as","American Samoa - PI","PUBLIC_HEALTH","production|onboarding",""
"pw","Palau - PI","mh","Marshall Islands - PI","PUBLIC_HEALTH","production|onboarding",""
"pw","Palau - PI","gu","Guam - PI","PUBLIC_HEALTH","production|onboarding",""
"pa","Pennsylvania","de","Delaware","PUBLIC_HEALTH","production|onboarding",""
"pa","Pennsylvania","ct","Connecticut","PUBLIC_HEALTH","production|onboarding",""
"pa","Pennsylvania","ky","Kentucky","PUBLIC_HEALTH","production|onboarding",""
"pa","Pennsylvania","ph","Pennsylvania - Philadelphia","PUBLIC_HEALTH","production|onboarding",""
"pa","Pennsylvania","ar","Arkansas","PUBLIC_HEALTH","production|onboarding",""
"pa","Pennsylvania","ok","Oklahoma","PUBLIC_HEALTH","production|onboarding",""
"pa","Pennsylvania","co","Colorado","PUBLIC_HEALTH","production|onboarding",""
"pa","Pennsylvania","nv","Nevada","PUBLIC_HEALTH","production|onboarding",""
"pa","Pennsylvania","ks","Kansas","PUBLIC_HEALTH","production|onboarding",""
"pa","Pennsylvania","nm","New Mexico","PUBLIC_HEALTH","production|onboarding",""
"pa","Pennsylvania","mo","Missouri","PUBLIC_HEALTH","production|onboarding",""
"pa","Pennsylvania","dc","District of Columbia","PUBLIC_HEALTH","production|onboarding",""
"pa","Pennsylvania","nj","New Jersey","PUBLIC_HEALTH","production|onboarding",""
"pa","Pennsylvania","nyc","New York City - New York State","PUBLIC_HEALTH","production|onboarding",""
"pa","Pennsylvania","oh","Ohio","PUBLIC_HEALTH","production|onboarding",""
"pa","Pennsylvania","pr","Puerto Rico","PUBLIC_HEALTH","production|onboarding",""
"pa","Pennsylvania","vi","Virgin Islands U.S.","PUBLIC_HEALTH","production|onboarding",""
"pa","Pennsylvania","va_s","Virginia (IIS)","PUBLIC_HEALTH","production|onboarding",""
"pa","Pennsylvania","wv","West Virginia","PUBLIC_HEALTH","production|onboarding",""
"ph","Pennsylvania - Philadelphia","nv","Nevada","PUBLIC_HEALTH","production|onboarding",""
"ph","Pennsylvania - Philadelphia","nj","New Jersey","PUBLIC_HEALTH","production|onboarding",""
"ph","Pennsylvania - Philadelphia","de","Delaware","PUBLIC_HEALTH","production|onboarding",""
"ph","Pennsylvania - Philadelphia","ok","Oklahoma","PUBLIC_HEALTH","production|onboarding",""
"ph","Pennsylvania - Philadelphia","ct","Connecticut","PUBLIC_HEALTH","production|onboarding",""
"ph","Pennsylvania - Philadelphia","nyc","New York City - New York State","PUBLIC_HEALTH","production|onboarding",""
"ph","Pennsylvania - Philadelphia","il","Illinois","PUBLIC_HEALTH","production|onboarding",""
"ph","Pennsylvania - Philadelphia","ri","Rhode Island","PUBLIC_HEALTH","production|onboarding",""
"ph","Pennsylvania - Philadelphia","pa","Pennsylvania","PUBLIC_HEALTH","production|onboarding",""
"ph","Pennsylvania - Philadelphia","dc","District of Columbia","PUBLIC_HEALTH","production|onboarding",""
"ph","Pennsylvania - Philadelphia","md","Maryland","PUBLIC_HEALTH","production|onboarding",""
"ph","Pennsylvania - Philadelphia","oh","Ohio","PUBLIC_HEALTH","production|onboarding",""
"ph","Pennsylvania - Philadelphia","pr","Puerto Rico","PUBLIC_HEALTH","production|onboarding",""
"ph","Pennsylvania - Philadelphia","va_s","Virginia (IIS)","PUBLIC_HEALTH","production|onboarding",""
"ph","Pennsylvania - Philadelphia","wv","West Virginia","PUBLIC_HEALTH","production|onboarding",""
"pr","Puerto Rico","wv","West Virginia","PUBLIC_HEALTH","production|onboarding",""
"pr","Puerto Rico","wy","Wyoming","PUBLIC_HEALTH","production|onboarding",""
"pr","Puerto Rico","oh","Ohio","PUBLIC_HEALTH","production|onboarding",""
"pr","Puerto Rico","in","Indiana","PUBLIC_HEALTH","production|onboarding",""
"pr","Puerto Rico","tn","Tennessee","PUBLIC_HEALTH","production|onboarding",""
"pr","Puerto Rico","wa","Washington","PUBLIC_HEALTH","production|onboarding",""
"pr","Puerto Rico","la","Louisiana","PUBLIC_HEALTH","production|onboarding",""
"pr","Puerto Rico","ak","Alaska","PUBLIC_HEALTH","production|onboarding",""
"pr","Puerto Rico","az","Arizona","PUBLIC_HEALTH","production|onboarding",""
"pr","Puerto Rico","dc","District of Columbia","PUBLIC_HEALTH","production|onboarding",""
"pr","Puerto Rico","ms","Mississippi","PUBLIC_HEALTH","production|onboarding",""
"pr","Puerto Rico","sd","South Dakota","PUBLIC_HEALTH","production|onboarding",""
"pr","Puerto Rico","md","Maryland","PUBLIC_HEALTH","production|onboarding",""
"pr","Puerto Rico","vi","Virgin Islands U.S.","PUBLIC_HEALTH","production|onboarding",""
"pr","Puerto Rico","wi","Wisconsin","PUBLIC_HEALTH","production|onboarding",""
"pr","Puerto Rico","il","Illinois","PUBLIC_HEALTH","production|onboarding",""
"pr","Puerto Rico","ct","Connecticut","PUBLIC_HEALTH","production|onboarding",""
"pr","Puerto Rico","nm","New Mexico","PUBLIC_HEALTH","production|onboarding",""
"pr","Puerto Rico","va_s","Virginia (IIS)","PUBLIC_HEALTH","production|onboarding",""
"pr","Puerto Rico","ky","Kentucky","PUBLIC_HEALTH","production|onboarding",""
"pr","Puerto Rico","nj","New Jersey","PUBLIC_HEALTH","production|onboarding",""
"pr","Puerto Rico","ny_vxu","New York State","PUBLIC_HEALTH","production|onboarding",""
"ri","Rhode Island","ct","Connecticut","PUBLIC_HEALTH","production|onboarding",""
"ri","Rhode Island","nj","New Jersey","PUBLIC_HEALTH","production|onboarding",""
"ri","Rhode Island","nyc","New York City - New York State","PUBLIC_HEALTH","production|onboarding",""
"ri","Rhode Island","ky","Kentucky","PUBLIC_HEALTH","production|onboarding",""
"ri","Rhode Island","de","Delaware","PUBLIC_HEALTH","production|onboarding",""
"ri","Rhode Island","mi","Michigan","PUBLIC_HEALTH","production|onboarding",""
"ri","Rhode Island","il","Illinois","PUBLIC_HEALTH","production|onboarding",""
"ri","Rhode Island","fl","Florida","PUBLIC_HEALTH","production|onboarding",""
"ri","Rhode Island","ph","Pennsylvania - Philadelphia","PUBLIC_HEALTH","production|onboarding",""
"sd","South Dakota","wa","Washington","PUBLIC_HEALTH","production|onboarding",""
"sd","South Dakota","ak","Alaska","PUBLIC_HEALTH","production|onboarding",""
"sd","South Dakota","az","Arizona","PUBLIC_HEALTH","production|onboarding",""
"sd","South Dakota","dc","District of Columbia","PUBLIC_HEALTH","production|onboarding",""
"sd","South Dakota","in","Indiana","PUBLIC_HEALTH","production|onboarding",""
"sd","South Dakota","la","Louisiana","PUBLIC_HEALTH","production|onboarding",""
"sd","South Dakota","ms","Mississippi","PUBLIC_HEALTH","production|onboarding",""
"sd","South Dakota","oh","Ohio","PUBLIC_HEALTH","production|onboarding",""
"sd","South Dakota","pr","Puerto Rico","PUBLIC_HEALTH","production|onboarding",""
"sd","South Dakota","wv","West Virginia","PUBLIC_HEALTH","production|onboarding",""
"sd","South Dakota","wy","Wyoming","PUBLIC_HEALTH","production|onboarding",""
"sd","South Dakota","tn","Tennessee","PUBLIC_HEALTH","production|onboarding",""
"sd","South Dakota","nd","North Dakota","PUBLIC_HEALTH","production|onboarding",""
"sd","South Dakota","va_s","Virginia (IIS)","PUBLIC_HEALTH","production|onboarding",""
"tn","Tennessee","in","Indiana","PUBLIC_HEALTH","production|onboarding",""
"tn","Tennessee","wa","Washington","PUBLIC_HEALTH","production|onboarding",""
"tn","Tennessee","dc","District of Columbia","PUBLIC_HEALTH","production|onboarding",""
"tn","Tennessee","pr","Puerto Rico","PUBLIC_HEALTH","production|onboarding",""
"tn","Tennessee","wv","West Virginia","PUBLIC_HEALTH","production|onboarding",""
"tn","Tennessee","ms","Mississippi","PUBLIC_HEALTH","production|onboarding",""
"tn","Tennessee","az","Arizona","PUBLIC_HEALTH","production|onboarding",""
"tn","Tennessee","la","Louisiana","PUBLIC_HEALTH","production|onboarding",""
"tn","Tennessee","oh","Ohio","PUBLIC_HEALTH","production|onboarding",""
"tn","Tennessee","ky","Kentucky","PUBLIC_HEALTH","production|onboarding",""
"tn","Tennessee","fl","Florida","PUBLIC_HEALTH","production|onboarding",""
"tn","Tennessee","il","Illinois","PUBLIC_HEALTH","production|onboarding",""
"tn","Tennessee","mi","Michigan","PUBLIC_HEALTH","production|onboarding",""
"tn","Tennessee","mo","Missouri","PUBLIC_HEALTH","production|onboarding",""
"tn","Tennessee","ak","Alaska","PUBLIC_HEALTH","production|onboarding",""
"tn","Tennessee","sd","South Dakota","PUBLIC_HEALTH","production|onboarding",""
"tn","Tennessee","wy","Wyoming","PUBLIC_HEALTH","production|onboarding",""
"tn","Tennessee","va_s","Virginia (IIS)","PUBLIC_HEALTH","production|onboarding",""
"tn","Tennessee","ar","Arkansas","PUBLIC_HEALTH","production|onboarding",""
"ut","Utah","nv","Nevada","PUBLIC_HEALTH","production|onboarding",""
"ut","Utah","nm","New Mexico","PUBLIC_HEALTH","production|onboarding",""
"ut","Utah","fl","Florida","PUBLIC_HEALTH","production|onboarding",""
"ut","Utah","il","Illinois","PUBLIC_HEALTH","production|onboarding",""
"ut","Utah","mi","Michigan","PUBLIC_HEALTH","production|onboarding",""
"ut","Utah","nj","New Jersey","PUBLIC_HEALTH","production|onboarding",""
"ut","Utah","az","Arizona","PUBLIC_HEALTH","production|onboarding",""
"ut","Utah","co","Colorado","PUBLIC_HEALTH","production|onboarding",""
"ut","Utah","wa","Washington","PUBLIC_HEALTH","production|onboarding",""
"ut","Utah","wy","Wyoming","PUBLIC_HEALTH","production|onboarding",""
"va","Virginia","de","Delaware","PUBLIC_HEALTH","production|onboarding",""
"va","Virginia","md","Maryland","PUBLIC_HEALTH","production|onboarding",""
"va","Virginia","ak","Alaska","PUBLIC_HEALTH","production|onboarding",""
"va","Virginia","az","Arizona","PUBLIC_HEALTH","production|onboarding",""
"va","Virginia","dc","District of Columbia","PUBLIC_HEALTH","production|onboarding",""
"va","Virginia","in","Indiana","PUBLIC_HEALTH","production|onboarding",""
"va","Virginia","la","Louisiana","PUBLIC_HEALTH","production|onboarding",""
"va","Virginia","ms","Mississippi","PUBLIC_HEALTH","production|onboarding",""
"va","Virginia","oh","Ohio","PUBLIC_HEALTH","production|onboarding",""
"va","Virginia","pr","Puerto Rico","PUBLIC_HEALTH","production|onboarding",""
"va","Virginia","sd","South Dakota","PUBLIC_HEALTH","production|onboarding",""
"va","Virginia","tn","Tennessee","PUBLIC_HEALTH","production|onboarding",""
"va","Virginia","wa","Washington","PUBLIC_HEALTH","production|onboarding",""
"va","Virginia","wv","West Virginia","PUBLIC_HEALTH","production|onboarding",""
"va","Virginia","wy","Wyoming","PUBLIC_HEALTH","production|onboarding",""
"va","Virginia","ky","Kentucky","PUBLIC_HEALTH","production|onboarding",""
"va","Virginia","nj","New Jersey","PUBLIC_HEALTH","production|onboarding",""
"va","Virginia","nyc","New York City - New York State","PUBLIC_HEALTH","production|onboarding",""
"va","Virginia","pa","Pennsylvania","PUBLIC_HEALTH","production|onboarding",""
"va","Virginia","ph","Pennsylvania - Philadelphia","PUBLIC_HEALTH","production|onboarding",""
"vi","Virgin Islands U.S.","nyc","New York City - New York State","PUBLIC_HEALTH","production|onboarding",""
"vi","Virgin Islands U.S.","fl","Florida","PUBLIC_HEALTH","production|onboarding",""
"vi","Virgin Islands U.S.","pr","Puerto Rico","PUBLIC_HEALTH","production|onboarding",""
"vi","Virgin Islands U.S.","md","Maryland","PUBLIC_HEALTH","production|onboarding",""
"vi","Virgin Islands U.S.","az","Arizona","PUBLIC_HEALTH","production|onboarding",""
"vi","Virgin Islands U.S.","wi","Wisconsin","PUBLIC_HEALTH","production|onboarding",""
"vi","Virgin Islands U.S.","il","Illinois","PUBLIC_HEALTH","production|onboarding",""
"vi","Virgin Islands U.S.","ct","Connecticut","PUBLIC_HEALTH","production|onboarding",""
"vi","Virgin Islands U.S.","nm","New Mexico","PUBLIC_HEALTH","production|onboarding",""
"vi","Virgin Islands U.S.","dc","District of Columbia","PUBLIC_HEALTH","production|onboarding",""
"vi","Virgin Islands U.S.","ky","Kentucky","PUBLIC_HEALTH","production|onboarding",""
"vi","Virgin Islands U.S.","nj","New Jersey","PUBLIC_HEALTH","production|onboarding",""
"vi","Virgin Islands U.S.","oh","Ohio","PUBLIC_HEALTH","production|onboarding",""
"vi","Virgin Islands U.S.","pa","Pennsylvania","PUBLIC_HEALTH","production|onboarding",""
"vi","Virgin Islands U.S.","va_s","Virginia (IIS)","PUBLIC_HEALTH","production|onboarding",""
"vi","Virgin Islands U.S.","wv","West Virginia","PUBLIC_HEALTH","production|onboarding",""
"wa","Washington","ak","Alaska","PUBLIC_HEALTH","production|onboarding",""
"wa","Washington","wy","Wyoming","PUBLIC_HEALTH","production|onboarding",""
"wa","Washington","pr","Puerto Rico","PUBLIC_HEALTH","production|onboarding",""
"wa","Washington","la","Louisiana","PUBLIC_HEALTH","production|onboarding",""
"wa","Washington","wv","West Virginia","PUBLIC_HEALTH","production|onboarding",""
"wa","Washington","oh","Ohio","PUBLIC_HEALTH","production|onboarding",""
"wa","Washington","tn","Tennessee","PUBLIC_HEALTH","production|onboarding",""
"wa","Washington","in","Indiana","PUBLIC_HEALTH","production|onboarding",""
"wa","Washington","dc","District of Columbia","PUBLIC_HEALTH","production|onboarding",""
"wa","Washington","az","Arizona","PUBLIC_HEALTH","production|onboarding",""
"wa","Washington","ms","Mississippi","PUBLIC_HEALTH","production|onboarding",""
"wa","Washington","sd","South Dakota","PUBLIC_HEALTH","production|onboarding",""
"wa","Washington","co","Colorado","PUBLIC_HEALTH","production|onboarding",""
"wa","Washington","nv","Nevada","PUBLIC_HEALTH","production|onboarding",""
"wa","Washington","nm","New Mexico","PUBLIC_HEALTH","production|onboarding",""
"wa","Washington","ut","Utah","PUBLIC_HEALTH","production|onboarding",""
"wa","Washington","va_s","Virginia (IIS)","PUBLIC_HEALTH","production|onboarding",""
"wv","West Virginia","wa","Washington","PUBLIC_HEALTH","production|onboarding",""
"wv","West Virginia","wy","Wyoming","PUBLIC_HEALTH","production|onboarding",""
"wv","West Virginia","in","Indiana","PUBLIC_HEALTH","production|onboarding",""
"wv","West Virginia","la","Louisiana","PUBLIC_HEALTH","production|onboarding",""
"wv","West Virginia","oh","Ohio","PUBLIC_HEALTH","production|onboarding",""
"wv","West Virginia","tn","Tennessee","PUBLIC_HEALTH","production|onboarding",""
"wv","West Virginia","dc","District of Columbia","PUBLIC_HEALTH","production|onboarding",""
"wv","West Virginia","pr","Puerto Rico","PUBLIC_HEALTH","production|onboarding",""
"wv","West Virginia","ak","Alaska","PUBLIC_HEALTH","production|onboarding",""
"wv","West Virginia","az","Arizona","PUBLIC_HEALTH","production|onboarding",""
"wv","West Virginia","ms","Mississippi","PUBLIC_HEALTH","production|onboarding",""
"wv","West Virginia","sd","South Dakota","PUBLIC_HEALTH","production|onboarding",""
"wv","West Virginia","va_s","Virginia (IIS)","PUBLIC_HEALTH","production|onboarding",""
"wv","West Virginia","ky","Kentucky","PUBLIC_HEALTH","production|onboarding",""
"wv","West Virginia","nj","New Jersey","PUBLIC_HEALTH","production|onboarding",""
"wv","West Virginia","nyc","New York City - New York State","PUBLIC_HEALTH","production|onboarding",""
"wv","West Virginia","pa","Pennsylvania","PUBLIC_HEALTH","production|onboarding",""
"wv","West Virginia","ph","Pennsylvania - Philadelphia","PUBLIC_HEALTH","production|onboarding",""
"wv","West Virginia","vi","Virgin Islands U.S.","PUBLIC_HEALTH","production|onboarding",""
"wi","Wisconsin","nj","New Jersey","PUBLIC_HEALTH","production|onboarding",""
"wi","Wisconsin","pr","Puerto Rico","PUBLIC_HEALTH","production|onboarding",""
"wi","Wisconsin","md","Maryland","PUBLIC_HEALTH","production|onboarding",""
"wi","Wisconsin","az","Arizona","PUBLIC_HEALTH","production|onboarding",""
"wi","Wisconsin","vi","Virgin Islands U.S.","PUBLIC_HEALTH","production|onboarding",""
"wi","Wisconsin","il","Illinois","PUBLIC_HEALTH","production|onboarding",""
"wy","Wyoming","wv","West Virginia","PUBLIC_HEALTH","production|onboarding",""
"wy","Wyoming","la","Louisiana","PUBLIC_HEALTH","production|onboarding",""
"wy","Wyoming","oh","Ohio","PUBLIC_HEALTH","production|onboarding",""
"wy","Wyoming","in","Indiana","PUBLIC_HEALTH","production|onboarding",""
"wy","Wyoming","wa","Washington","PUBLIC_HEALTH","production|onboarding",""
"wy","Wyoming","dc","District of Columbia","PUBLIC_HEALTH","production|onboarding",""
"wy","Wyoming","pr","Puerto Rico","PUBLIC_HEALTH","production|onboarding",""
"wy","Wyoming","ak","Alaska","PUBLIC_HEALTH","production|onboarding",""
"wy","Wyoming","az","Arizona","PUBLIC_HEALTH","production|onboarding",""
"wy","Wyoming","sd","South Dakota","PUBLIC_HEALTH","production|onboarding",""
"wy","Wyoming","ms","Mississippi","PUBLIC_HEALTH","production|onboarding",""
"wy","Wyoming","tn","Tennessee","PUBLIC_HEALTH","production|onboarding",""
"wy","Wyoming","co","Colorado","PUBLIC_HEALTH","production|onboarding",""
"wy","Wyoming","nv","Nevada","PUBLIC_HEALTH","production|onboarding",""
"wy","Wyoming","nm","New Mexico","PUBLIC_HEALTH","production|onboarding",""
"wy","Wyoming","ut","Utah","PUBLIC_HEALTH","production|onboarding",""
"wy","Wyoming","va_s","Virginia (IIS)","PUBLIC_HEALTH","production|onboarding",""
"wy","Wyoming","dex","CDC","PUBLIC_HEALTH","production|onboarding","IIS-to-CDC reporting"
"ak","Alaska","dex","CDC","PUBLIC_HEALTH","production|onboarding","IIS-to-CDC reporting"
"ut","Utah","dex","CDC","PUBLIC_HEALTH","production|onboarding","IIS-to-CDC reporting"
"nj","New Jersey","dex","CDC","PUBLIC_HEALTH","production|onboarding","IIS-to-CDC reporting"
"nd","North Dakota","dex","CDC","PUBLIC_HEALTH","production|onboarding","IIS-to-CDC reporting"
"mo","Missouri","dex","CDC","PUBLIC_HEALTH","production|onboarding","IIS-to-CDC reporting"
"sd","South Dakota","dex","CDC","PUBLIC_HEALTH","production|onboarding","IIS-to-CDC reporting"
"mi","Michigan","dex","CDC","PUBLIC_HEALTH","production|onboarding","IIS-to-CDC reporting"
"wa","Washington","dex","CDC","PUBLIC_HEALTH","production|onboarding","IIS-to-CDC reporting"
"wv","West Virginia","dex","CDC","PUBLIC_HEALTH","production|onboarding","IIS-to-CDC reporting"
"pr","Puerto Rico","dex","CDC","PUBLIC_HEALTH","production|onboarding","IIS-to-CDC reporting"
"ms","Mississippi","dex","CDC","PUBLIC_HEALTH","production|onboarding","IIS-to-CDC reporting"
"tn","Tennessee","dex","CDC","PUBLIC_HEALTH","production|onboarding","IIS-to-CDC reporting"
"oh","Ohio","dex","CDC","PUBLIC_HEALTH","production|onboarding","IIS-to-CDC reporting"
"az","Arizona","dex","CDC","PUBLIC_HEALTH","production|onboarding","IIS-to-CDC reporting"
"la","Louisiana","dex","CDC","PUBLIC_HEALTH","production|onboarding","IIS-to-CDC reporting"
"in","Indiana","dex","CDC","PUBLIC_HEALTH","production|onboarding","IIS-to-CDC reporting"
"dc","District of Columbia","dex","CDC","PUBLIC_HEALTH","production|onboarding","IIS-to-CDC reporting"
"va","Virginia","dex","CDC","PUBLIC_HEALTH","production|onboarding","IIS-to-CDC reporting"
"vi","Virgin Islands U.S.","dex","CDC","PUBLIC_HEALTH","production|onboarding","IIS-to-CDC reporting"
"il","Illinois","dex","CDC","PUBLIC_HEALTH","production|onboarding","IIS-to-CDC reporting"
"fl","Florida","dex","CDC","PUBLIC_HEALTH","production|onboarding","IIS-to-CDC reporting"
"al","Alabama","dex","CDC","PUBLIC_HEALTH","production|onboarding","IIS-to-CDC reporting"
"nyc","New York City - New York State","dex","CDC","PUBLIC_HEALTH","production|onboarding","IIS-to-CDC reporting"
"ri","Rhode Island","dex","CDC","PUBLIC_HEALTH","production|onboarding","IIS-to-CDC reporting"
"pa","Pennsylvania","dex","CDC","PUBLIC_HEALTH","production|onboarding","IIS-to-CDC reporting"
"ky","Kentucky","dex","CDC","PUBLIC_HEALTH","production|onboarding","IIS-to-CDC reporting"
"ks","Kansas","dex","CDC","PUBLIC_HEALTH","production|onboarding","IIS-to-CDC reporting"
"ct","Connecticut","dex","CDC","PUBLIC_HEALTH","production|onboarding","IIS-to-CDC reporting"
"ar","Arkansas","dex","CDC","PUBLIC_HEALTH","production|onboarding","IIS-to-CDC reporting"
"de","Delaware","dex","CDC","PUBLIC_HEALTH","production|onboarding","IIS-to-CDC reporting"
"co","Colorado","dex","CDC","PUBLIC_HEALTH","production|onboarding","IIS-to-CDC reporting"
"ph","Pennsylvania - Philadelphia","dex","CDC","PUBLIC_HEALTH","production|onboarding","IIS-to-CDC reporting"
"ok","Oklahoma","dex","CDC","PUBLIC_HEALTH","production|onboarding","IIS-to-CDC reporting"
"nv","Nevada","dex","CDC","PUBLIC_HEALTH","production|onboarding","IIS-to-CDC reporting"
"nm","New Mexico","dex","CDC","PUBLIC_HEALTH","production|onboarding","IIS-to-CDC reporting"
"mh","Marshall Islands - PI","dex","CDC","PUBLIC_HEALTH","production|onboarding","IIS-to-CDC reporting"
"pw","Palau - PI","dex","CDC","PUBLIC_HEALTH","production|onboarding","IIS-to-CDC reporting"
"mp","N. Mariana Islands - PI","dex","CDC","PUBLIC_HEALTH","production|onboarding","IIS-to-CDC reporting"
"fm","Micronesia - PI","dex","CDC","PUBLIC_HEALTH","production|onboarding","IIS-to-CDC reporting"
"gu","Guam - PI","dex","CDC","PUBLIC_HEALTH","production|onboarding","IIS-to-CDC reporting"
"as","American Samoa - PI","dex","CDC","PUBLIC_HEALTH","production|onboarding","IIS-to-CDC reporting"
"or","Oregon","dex","CDC","PUBLIC_HEALTH","production|onboarding","IIS-to-CDC reporting"
"wi","Wisconsin","dex","CDC","PUBLIC_HEALTH","production|onboarding","IIS-to-CDC reporting"
"md","Maryland","dex","CDC","PUBLIC_HEALTH","production|onboarding","IIS-to-CDC reporting"
"tx","Texas","dex","CDC","PUBLIC_HEALTH","production|onboarding","IIS-to-CDC reporting; Texas sends to CDC only (not to other IIS systems)"
"pr","Puerto Rico","ny_qbp","New York State (QBP)","PUBLIC_HEALTH","onboarding","ny_qbp onboarding-only; mirrors ny_vxu access"
