,Live Data Exchange
,As of 2026-08-10 11:17:22 Pacific Standard Time/PST • Generated by Keith Boone • Sorted by Organization Name (Ascending)
,Filtered By
,Show: All organizations
,Organization Record Type equals IIS
,Organization ID not equal to 0015f000010meVq
,Organization Name,Organization Name,SME Name,IIS Vendor,List of Live IIS to IIS Data Exchange,TOTAL # of IIS to IIS Connections,List of Live Pro to IIS Data Exchange,TOTAL # of Provider to IIS Connections
,Alabama,Alabama,Chantel Hartman,Awardee Developed - AL ImmPRINT,Florida,1
,Alaska,Alaska,Jennifer Ratliff,STChealth,"Washington, Arizona, District of Columbia, Indiana, Louisiana, Mississippi, Ohio, Puerto Rico, South Dakota, West Virginia, Wyoming, Tennessee, Virginia",13,"Mayo Clinic, RIISE, Veterans Administration (VistA)",3
,American Samoa - PI,American Samoa - PI,Natalie Johns,Envision Technology Partners,"Micronesia - PI, N. Mariana Islands - PI, Marshall Islands - PI, Palau - PI, Guam - PI",5
,Arizona,Arizona,Amee DeMartino,STChealth,"Indiana, Tennessee, Washington, Alaska, District of Columbia, Louisiana, Mississippi, Ohio, Puerto Rico, South Dakota, West Virginia, Wyoming, Maryland, Virgin Islands U.S., Wisconsin, Illinois, Connecticut, New Mexico, Colorado, Nevada, Utah, Virginia, N",23,"RIISE, Veterans Administration (VistA)",2
,Arkansas,Arkansas,Tristi Bond,Envision Technology Partners,"Kansas, Nevada, Oklahoma, Kentucky, Connecticut, Missouri, New Mexico, Delaware, Mississippi, Pennsylvania, Louisiana, Tennessee",12,"Fresenius Medical Care, RIISE, Veterans Administration (VistA)",3
,California,California,Jan Hicks-Thomson,Gainwell Technologies,,,"DaVita Physician Solutions, Department of Defense (DOD), RIISE, Veterans Administration (VistA)",4
,Chicago - Illinois,Chicago - Illinois,Amee DeMartino,Awardee Developed - IL I-CARE,,,"RIISE, Veterans Administration (Oracle Health), Veterans Administration (VistA)",3
,Colorado,Colorado,Jennifer Ratliff,Envision Technology Partners,"Oklahoma, Nevada, New Mexico, Kansas, Pennsylvania, Arizona, Utah, Washington, Wyoming",9,"Fresenius Medical Care, Mayo Clinic, RIISE, Veterans Administration (VistA)",4
,Connecticut,Connecticut,Jennifer Ratliff,Envision Technology Partners,"Delaware, Nevada, Pennsylvania - Philadelphia, Rhode Island, New Jersey, New York City - New York State, Arkansas, New Mexico, Oklahoma, Kansas, Kentucky, Missouri, Michigan, Florida, Pennsylvania, Puerto Rico, Maryland, Arizona, Virgin Islands U.S., Illi",20,"RIISE, VAMS, Veterans Administration (VistA)",3
,Delaware,Delaware,Crystal Edwards,Envision Technology Partners,"Pennsylvania - Philadelphia, District of Columbia, Maryland, Connecticut, New Jersey, Kentucky, Nevada, Virginia, New Mexico, Missouri, Oklahoma, Rhode Island, Arkansas, Pennsylvania",14,"RIISE, VAMS, Veterans Administration (VistA)",3
,District of Columbia,District of Columbia,Crystal Edwards,STChealth,"Washington, West Virginia, Wyoming, Indiana, Louisiana, Ohio, Tennessee, Delaware, Maryland, Alaska, Arizona, Mississippi, Puerto Rico, South Dakota, Virginia, Kentucky, New York City - New York State, Pennsylvania, Pennsylvania - Philadelphia, Virgin Isl",20,"Department of Defense (DOD), Mayo Clinic, RIISE, Veterans Administration (VistA)",4
,Florida,Florida,Chantel Hartman,Awardee Developed - FL SHOTS,"New York City - New York State, New Jersey, Virgin Islands U.S., Connecticut, Rhode Island, Illinois, Utah, Michigan, Alabama, Indiana, Kentucky, Mississippi, Missouri, Ohio, Tennessee",15,"Department of Defense (DOD), RIISE, Veterans Administration (VistA)",3
,Georgia,Georgia,Chantel Hartman,Gainwell Technologies,,,Veterans Administration (VistA),1
,Guam - PI,Guam - PI,Natalie Johns,Envision Technology Partners,"Micronesia - PI, N. Mariana Islands - PI, Marshall Islands - PI, Palau - PI, American Samoa - PI",5
,Hawaii,Hawaii,Natalie Johns,Envision Technology Partners
,Houston - Texas,Houston - Texas,Tristi Bond,Deloitte,,,"Department of Defense (DOD), Veterans Administration (VistA)",2
,Idaho,Idaho,Jennifer Ratliff,Gainwell Technologies,,,"RIISE, Veterans Administration (Oracle Health), Veterans Administration (VistA)",3
,Illinois,Illinois,Amee DeMartino,Awardee Developed - IL I-CARE,"Michigan, Rhode Island, Pennsylvania - Philadelphia, Florida, New Jersey, Utah, Indiana, Mississippi, Ohio, Tennessee, Puerto Rico, Maryland, Arizona, Virgin Islands U.S., Wisconsin, Connecticut, New Mexico",17,"RIISE, Veterans Administration (Oracle Health), Veterans Administration (VistA)",3
,Indiana,Indiana,Amee DeMartino,STChealth,"Washington, Puerto Rico, West Virginia, District of Columbia, Wyoming, Arizona, Ohio, Tennessee, Louisiana, Alaska, Mississippi, South Dakota, Florida, Illinois, Kentucky, Michigan, Missouri, Virginia",18,"Mayo Clinic, RIISE, Veterans Administration (Oracle Health), Veterans Administration (VistA)",4
,Iowa,Iowa,Trenetria Manglona Steele,Gainwell Technologies,,,Veterans Administration (VistA),1
,Kansas,Kansas,Trenetria Manglona Steele,Envision Technology Partners,"Oklahoma, Arkansas, Connecticut, New Mexico, Nevada, Kentucky, Colorado, Missouri, Pennsylvania",9,"VAMS, Veterans Administration (VistA)",2
,Kentucky,Kentucky,Chantel Hartman,Envision Technology Partners,"Tennessee, Delaware, New Jersey, Oklahoma, Arkansas, Nevada, Michigan, New Mexico, Connecticut, Missouri, Rhode Island, Kansas, Pennsylvania, Florida, Indiana, Mississippi, Ohio, District of Columbia, Maryland, New York City - New York State, Puerto Rico,",25,"RIISE, Veterans Administration (Oracle Health), Veterans Administration (VistA)",3
,LA County - California,LA County - California,Jan Hicks-Thomson,Gainwell Technologies,,,"Department of Defense (DOD), RIISE, Veterans Administration (VistA)",3
,Louisiana,Louisiana,Tristi Bond,STChealth,"Tennessee, Washington, Wyoming, District of Columbia, West Virginia, Mississippi, Indiana, Puerto Rico, Ohio, Alaska, Arizona, South Dakota, Virginia, Arkansas, Kentucky",15,"RIISE, Veterans Administration (VistA)",2
,Maine,Maine,Jennifer Ratliff,Gainwell Technologies,,,Veterans Administration (VistA),1
,Maricopa County- Arizona,Maricopa County- Arizona,Amee DeMartino,STChealth,,,"RIISE, Veterans Administration (VistA)",2
,Marshall Islands - PI,Marshall Islands - PI,Natalie Johns,Envision Technology Partners,"American Samoa - PI, Micronesia - PI, N. Mariana Islands - PI, Palau - PI, Guam - PI",5
,Maryland,Maryland,Marley Vazquez,Gainwell Technologies,"Delaware, District of Columbia, Virginia, Puerto Rico, Virgin Islands U.S., Wisconsin, Illinois, Connecticut, New Mexico, Arizona, Kentucky, New Jersey, New York City - New York State, Pennsylvania - Philadelphia",14,"Department of Defense (DOD), RIISE, VAMS, Veterans Administration (VistA)",4
,Massachusetts,Massachusetts,Tristi Bond,SSG,,0,"RIISE, Veterans Administration",2
,Michigan,Michigan,Amee DeMartino,Awardee Developed - Kunz Leigh and Associates,"Illinois, Kentucky, Connecticut, Rhode Island, New Jersey, Florida, Utah, Indiana, Ohio, Mississippi, Tennessee",11,"RIISE, Veterans Administration (Oracle Health), Veterans Administration (VistA)",3
,Micronesia - PI,Micronesia - PI,Natalie Johns,Envision Technology Partners,"American Samoa - PI, Palau - PI, Marshall Islands - PI, N. Mariana Islands - PI, Guam - PI",5
,Minnesota,Minnesota,Amee DeMartino,,,,"DocStation, Fond du Lac, Veterans Administration (VistA)",3
,Mississippi,Mississippi,Chantel Hartman,STChealth,"Tennessee, Louisiana, Arkansas, Washington, Alaska, Arizona, District of Columbia, Indiana, Ohio, Puerto Rico, South Dakota, West Virginia, Wyoming, Florida, Illinois, Kentucky, Michigan, Missouri, Virginia",19,Veterans Administration (VistA),1
,Missouri,Missouri,Trenetria Manglona Steele,Envision Technology Partners,"Oklahoma, Arkansas, Nevada, Connecticut, New Mexico, Delaware, Kentucky, Florida, Indiana, Mississippi, Ohio, Tennessee, Kansas, Pennsylvania",14,"Mayo Clinic, RIISE, Veterans Administration (VistA)",3
,Montana,Montana,Jennifer Ratliff,STChealth,,,"Mayo Clinic, RIISE, Veterans Administration (Oracle Health), Veterans Administration (VistA)",4
,N. Mariana Islands - PI,N. Mariana Islands - PI,Natalie Johns,Envision Technology Partners,"American Samoa - PI, Palau - PI, Marshall Islands - PI, Micronesia - PI, Guam - PI",5
,Nebraska,Nebraska,Trenetria Manglona Steele,Gainwell Technologies,,,"RIISE, VAMS, Veterans Administration (VistA)",3
,Nevada,Nevada,Tristi Bond,Envision Technology Partners,"Oklahoma, New Mexico, Delaware, Arkansas, Colorado, Connecticut, Utah, Pennsylvania - Philadelphia, Kentucky, Oregon, Kansas, Missouri, Pennsylvania, Arizona, Washington, Wyoming",16,"AZOVA, RIISE, Veterans Administration (VistA)",3
,New Hampshire,New Hampshire,Tristi Bond,Envision Technology Partners,,,VAMS,1
,New Jersey,New Jersey,Crystal Edwards,Awardee Developed - NJ NJIIS,"Connecticut, Delaware, Rhode Island, Pennsylvania - Philadelphia, Kentucky, New York City - New York State, Florida, Michigan, Illinois, Utah, Wisconsin, Maryland, Ohio, Pennsylvania, Puerto Rico, Virgin Islands U.S., Virginia, West Virginia",18,"DaVita Physician Solutions, Mayo Clinic, VAMS, Veterans Administration (VistA)",4
,New Mexico,New Mexico,Tristi Bond,Envision Technology Partners,"Kentucky, Nevada, Oklahoma, Connecticut, Delaware, Kansas, Missouri, Arkansas, Utah, Colorado, Oregon, Texas, Puerto Rico, Maryland, Arizona, Virgin Islands U.S., Illinois, Washington, Wyoming, Pennsylvania",20,"RIISE, Veterans Administration (VistA)",2
,New York City - New York State,New York City - New York State,Marley Vazquez,Awardee Developed - HLN NY CIR,"Rhode Island, Connecticut, New Jersey, Pennsylvania - Philadelphia, Virgin Islands U.S., Florida, District of Columbia, Kentucky, Maryland, Ohio, Pennsylvania, Puerto Rico, Virginia, West Virginia",14,"RIISE, Veterans Administration (VistA)",2
,New York State,New York State,Marley Vazquez,Gainwell Technologies,,,Veterans Administration (VistA),1
,North Carolina,North Carolina,Chantel Hartman,Gainwell Technologies,,,"Department of Defense (DOD), RIISE, Veterans Administration (VistA)",3
,North Dakota,North Dakota,Jennifer Ratliff,Awardee Developed - Blue Cross Blue Shield,"South Dakota, Arizona",2,"Mayo Clinic, RIISE, Veterans Administration (VistA)",3
,Ohio,Ohio,Amee DeMartino,STChealth,"Washington, Indiana, Puerto Rico, Tennessee, West Virginia, District of Columbia, Wyoming, Louisiana, Alaska, Arizona, Mississippi, South Dakota, Florida, Illinois, Kentucky, Michigan, Missouri, Virginia, New Jersey, New York City - New York State, Pennsy",23,"RIISE, Veterans Administration (Oracle Health), Veterans Administration (VistA)",3
,Oklahoma,Oklahoma,Tristi Bond,Envision Technology Partners,"Arkansas, Pennsylvania - Philadelphia, New Mexico, Nevada, Colorado, Kansas, Kentucky, Connecticut, Missouri, Delaware, Pennsylvania",11,"Department of Defense (DOD), RIISE, Veterans Administration (VistA)",3
,Oregon,Oregon,Natalie Johns,Gainwell Technologies,"Nevada, New Mexico",2,"RIISE, Veterans Administration (Oracle Health), Veterans Administration (VistA)",3
,Palau - PI,Palau - PI,Natalie Johns,Envision Technology Partners,"Micronesia - PI, N. Mariana Islands - PI, American Samoa - PI, Marshall Islands - PI, Guam - PI",5
,Pennsylvania,Pennsylvania,Crystal Edwards,Envision Technology Partners,"Delaware, Connecticut, Kentucky, Pennsylvania - Philadelphia, Arkansas, Oklahoma, Colorado, Nevada, Kansas, New Mexico, Missouri, District of Columbia, New Jersey, New York City - New York State, Ohio, Puerto Rico, Virgin Islands U.S., Virginia, West Virg",19,"RIISE, Veterans Administration (VistA)",2
,Pennsylvania - Philadelphia,Pennsylvania - Philadelphia,Crystal Edwards,Envision Technology Partners,"Nevada, New Jersey, Delaware, Oklahoma, Connecticut, New York City - New York State, Illinois, Rhode Island, Pennsylvania, District of Columbia, Maryland, Ohio, Puerto Rico, Virginia, West Virginia",15,"RIISE, Veterans Administration (VistA)",2
,Puerto Rico,Puerto Rico,Crystal Edwards,STChealth,"West Virginia, Wyoming, Ohio, Indiana, Tennessee, Washington, Louisiana, Alaska, Arizona, District of Columbia, Mississippi, South Dakota, Maryland, Virgin Islands U.S., Wisconsin, Illinois, Connecticut, New Mexico, Virginia, Kentucky, New Jersey, New Yor",24,Veterans Administration (VistA),1
,Rhode Island,Rhode Island,Marley Vazquez,Awardee Developed - HLN,"Connecticut, New Jersey, New York City - New York State, Kentucky, Delaware, Michigan, Illinois, Florida, Pennsylvania - Philadelphia",9,"RIISE, VAMS, Veterans Administration (VistA)",3
,San Antonio - Texas,San Antonio - Texas,Tristi Bond,Deloitte,,,"Department of Defense (DOD), Veterans Administration (VistA)",2
,South Carolina,South Carolina,Chantel Hartman,Envision Technology Partners
,South Dakota,South Dakota,Jennifer Ratliff,STChealth,"Washington, Alaska, Arizona, District of Columbia, Indiana, Louisiana, Mississippi, Ohio, Puerto Rico, West Virginia, Wyoming, Tennessee, North Dakota, Virginia",14,"RIISE, Veterans Administration (VistA)",2
,Tennessee,Tennessee,Chantel Hartman,STChealth,"Indiana, Washington, District of Columbia, Puerto Rico, West Virginia, Mississippi, Arizona, Louisiana, Ohio, Kentucky, Florida, Illinois, Michigan, Missouri, Alaska, South Dakota, Wyoming, Virginia, Arkansas",19,"RIISE, Veterans Administration (VistA)",2
,Texas,Texas,Tristi Bond,Deloitte,New Mexico,1,"Department of Defense (DOD), Veterans Administration (VistA)",2
,Utah,Utah,Jennifer Ratliff,Awardee Developed - UT USIIS,"Nevada, New Mexico, Florida, Illinois, Michigan, New Jersey, Arizona, Colorado, Washington, Wyoming",10,"AZOVA, RIISE, VAMS, Veterans Administration (VistA)",4
,Vermont,Vermont,Chantel Hartman,Awardee Developed - VT IMR,,,Veterans Administration (VistA),1
,Virginia,Virginia,Crystal Edwards,STChealth,"Delaware, Maryland, Alaska, Arizona, District of Columbia, Indiana, Louisiana, Mississippi, Ohio, Puerto Rico, South Dakota, Tennessee, Washington, West Virginia, Wyoming, Kentucky, New Jersey, New York City - New York State, Pennsylvania, Pennsylvania - ",21,"DaVita Physician Solutions, Department of Defense (DOD), VAMS, Veterans Administration (VistA)",4
,Virgin Islands U.S.,Virgin Islands U.S.,Crystal Edwards,Optimoz,"New York City - New York State, Florida, Puerto Rico, Maryland, Arizona, Wisconsin, Illinois, Connecticut, New Mexico, District of Columbia, Kentucky, New Jersey, Ohio, Pennsylvania, Virginia, West Virginia",16,Veterans Administration (VistA),1
,Washington,Washington,Natalie Johns,STChealth,"Alaska, Wyoming, Puerto Rico, Louisiana, West Virginia, Ohio, Tennessee, Indiana, District of Columbia, Arizona, Mississippi, South Dakota, Colorado, Nevada, New Mexico, Utah, Virginia",17,"Department of Defense (DOD), RIISE, Veterans Administration (Oracle Health), Veterans Administration (VistA)",4
,West Virginia,West Virginia,Crystal Edwards,STChealth,"Washington, Wyoming, Indiana, Louisiana, Ohio, Tennessee, District of Columbia, Puerto Rico, Alaska, Arizona, Mississippi, South Dakota, Virginia, Kentucky, New Jersey, New York City - New York State, Pennsylvania, Pennsylvania - Philadelphia, Virgin Isla",19,"RIISE, VAMS, Veterans Administration (VistA)",3
,Wisconsin,Wisconsin,Amee DeMartino,Gainwell Technologies,"New Jersey, Puerto Rico, Maryland, Arizona, Virgin Islands U.S., Illinois",6,"RIISE, Veterans Administration (Oracle Health), Veterans Administration (VistA)",3
,Wyoming,Wyoming,Jennifer Ratliff,STChealth,"West Virginia, Louisiana, Ohio, Indiana, Washington, District of Columbia, Puerto Rico, Alaska, Arizona, South Dakota, Mississippi, Tennessee, Colorado, Nevada, New Mexico, Utah, Virginia",17,Veterans Administration (VistA),1
,Total,Sum,,,,612,,147
,,Count,66
