IIS: Organization Name,IIS: SME Name: Full Name,IIS Vendor: Organization Name,# of IIS,# of Providers,Number of Facilities,Date Production Feed Enabled,VXU Date Production Feed Enabled,QBP Date Production Feed Enabled,Provider-IIS Data Exchange Name,Provider: Organization Name,Provider Vendor: Organization Name
Nevada,Tristi Bond,Envision Technology Partners,1,1,1,,,2025-06-18,AZOVA / Nevada,AZOVA
Utah,Jennifer Ratliff,Awardee Developed - UT USIIS,1,1,1,2021-01-04,,,AZOVA / Utah,AZOVA,AZOVA
New Jersey,Crystal Edwards,Awardee Developed - NJ NJIIS,1,1,2,,2026-04-15,,DaVita Physician Solutions / New Jersey,DaVita Physician Solutions
Virginia,Crystal Edwards,STChealth,1,1,2,,2026-06-09,,DaVita Physician Solutions / Virginia,DaVita Physician Solutions
California,Jan Hicks-Thomson,Gainwell Technologies,1,1,1,,2026-07-29,,DaVita Physician Solutions / California,DaVita Physician Solutions
Washington,Natalie Johns,STChealth,1,1,63,2023-03-29,,,Department of Defense (DOD) / Washington,Department of Defense (DOD),Oracle Health
Florida,Chantel Hartman,Awardee Developed - FL SHOTS,1,1,146,2023-08-30,,,Department of Defense (DOD) / Florida,Department of Defense (DOD),Oracle Health
California,Jan Hicks-Thomson,Gainwell Technologies,1,1,132,2023-08-30,,,Department of Defense (DOD) / California,Department of Defense (DOD),Oracle Health
Oklahoma,Tristi Bond,Envision Technology Partners,1,1,14,2023-08-30,,,Department of Defense (DOD) / Oklahoma,Department of Defense (DOD),Oracle Health
North Carolina,Chantel Hartman,Gainwell Technologies,1,1,28,2023-08-30,,,Department of Defense (DOD) / North Carolina,Department of Defense (DOD),Oracle Health
Maryland,Marley Vazquez,Gainwell Technologies,1,1,26,2024-07-10,,,Department of Defense (DOD) / Maryland,Department of Defense (DOD),Oracle Health
District of Columbia,Crystal Edwards,STChealth,1,1,6,2024-07-10,,,Department of Defense (DOD) / District of Columbia,Department of Defense (DOD),Oracle Health
Virginia,Crystal Edwards,Gainwell Technologies,1,1,48,2024-07-10,,,Department of Defense (DOD) / Virginia,Department of Defense (DOD),Oracle Health
Texas,Tristi Bond,Deloitte,1,1,72,2024-07-10,,,Department of Defense (DOD) / Texas,Department of Defense (DOD),Oracle Health
San Antonio - Texas,Tristi Bond,Deloitte,1,1,0,2024-07-10,,,Department of Defense (DOD) / San Antonio - Texas,Department of Defense (DOD),Oracle Health
Houston - Texas,Tristi Bond,Deloitte,1,1,0,2024-07-10,,,Department of Defense (DOD) / Houston - Texas,Department of Defense (DOD),Oracle Health
LA County - California,Jan Hicks-Thomson,Gainwell Technologies,1,1,0,2023-08-30,,,Department of Defense (DOD) / LA County - California,Department of Defense (DOD),Oracle Health
Minnesota,Amee DeMartino,Gainwell Technologies,1,1,14,2019-12-16,,,DocStation / Minnesota,DocStation,DocStation
Minnesota,Amee DeMartino,Gainwell Technologies,1,1,2,2022-09-30,,,Fond du Lac / Minnesota,Fond du Lac,Nextgen
Colorado,Jennifer Ratliff,Envision Technology Partners,1,1,27,,2025-11-20,,Fresenius Medical Care / Colorado,Fresenius Medical Care,InterSystems? Health Connect?
Arkansas,Tristi Bond,Envision Technology Partners,1,1,12,,2025-12-16,,Fresenius Medical Care / Arkansas,Fresenius Medical Care,InterSystems? Health Connect?
District of Columbia,Crystal Edwards,STChealth,1,1,1,,,2026-05-20,Mayo Clinic / District of Columbia,Mayo Clinic
Montana,Jennifer Ratliff,STChealth,1,1,,,,2026-06-24,Mayo Clinic / Montana,Mayo Clinic
Indiana,Amee DeMartino,STChealth,1,1,1,,,2026-05-27,Mayo Clinic / Indiana,Mayo Clinic
Alaska,Jennifer Ratliff,STChealth,1,1,1,,,2026-06-10,Mayo Clinic / Alaska,Mayo Clinic
New Jersey,Crystal Edwards,Awardee Developed - NJ NJIIS,1,1,,,,2026-07-23,Mayo Clinic / New Jersey,Mayo Clinic
Colorado,Jennifer Ratliff,Envision Technology Partners,1,1,,2026-07-22,,,Mayo Clinic / Colorado,Mayo Clinic
North Dakota,Jennifer Ratliff,Awardee Developed - Blue Cross Blue Shield,1,1,1,,,2026-02-04,Mayo Clinic / North Dakota,Mayo Clinic,Qvera
Missouri,Trenetria Manglona Steele,Envision Technology Partners,1,1,1,2026-04-28,,,Mayo Clinic / Missouri,Mayo Clinic,Qvera
Connecticut,Jennifer Ratliff,Envision Technology Partners,1,1,1,,2023-10-17,,RIISE / Connecticut,RIISE,EDN
California,Jan Hicks-Thomson,Gainwell Technologies,1,1,1,,2023-10-17,,RIISE / California,RIISE,EDN
Colorado,Jennifer Ratliff,Envision Technology Partners,1,1,1,,2023-12-01,,RIISE / Colorado,RIISE,EDN
Alaska,Jennifer Ratliff,STChealth,1,1,1,,2024-08-20,,RIISE / Alaska,RIISE,EDN
Arizona,Amee DeMartino,STChealth,1,1,1,,2024-06-11,,RIISE / Arizona,RIISE,EDN
Arkansas,Tristi Bond,Envision Technology Partners,1,1,1,,2024-02-09,,RIISE / Arkansas,RIISE,EDN
Delaware,Crystal Edwards,Envision Technology Partners,1,1,1,,2024-03-21,,RIISE / Delaware,RIISE,EDN
District of Columbia,Crystal Edwards,STChealth,1,1,1,,2024-08-01,,RIISE / District of Columbia,RIISE,EDN
Florida,Chantel Hartman,Awardee Developed - FL SHOTS,1,1,1,,2024-02-13,,RIISE / Florida,RIISE,EDN
Idaho,Jennifer Ratliff,Gainwell Technologies,1,1,1,,2024-09-26,,RIISE / Idaho,RIISE,EDN
Illinois,Amee DeMartino,Awardee Developed - IL I-CARE,1,1,1,,2024-08-01,,RIISE / Illinois,RIISE,EDN
Indiana,Amee DeMartino,STChealth,1,1,1,,2024-08-01,,RIISE / Indiana,RIISE,EDN
Kentucky,Chantel Hartman,Envision Technology Partners,1,1,1,,2024-03-21,,RIISE / Kentucky,RIISE,EDN
Louisiana,Tristi Bond,STChealth,1,1,1,,2024-07-01,,RIISE / Louisiana,RIISE,EDN
Massachusetts,Tristi Bond,SSG,1,1,1,,2024-09-13,,RIISE / Massachusetts,RIISE,EDN
Michigan,Amee DeMartino,Awardee Developed - Kunz Leigh and Associates,1,1,1,,2024-02-13,,RIISE / Michigan,RIISE,EDN
Missouri,Trenetria Manglona Steele,Envision Technology Partners,1,1,1,,2024-03-21,,RIISE / Missouri,RIISE,EDN
Montana,Jennifer Ratliff,STChealth,1,1,1,,2024-08-20,,RIISE / Montana,RIISE,EDN
Nebraska,Trenetria Manglona Steele,Gainwell Technologies,1,1,1,,2024-08-29,,RIISE / Nebraska,RIISE,EDN
Nevada,Tristi Bond,Envision Technology Partners,1,1,1,,2024-03-21,,RIISE / Nevada,RIISE,EDN
New Mexico,Tristi Bond,Envision Technology Partners,1,1,1,,2024-03-21,,RIISE / New Mexico,RIISE,EDN
New York City - New York State,Marley Vazquez,Awardee Developed - HLN NY CIR,1,1,1,,2024-09-11,,RIISE / New York City - New York State,RIISE,EDN
North Carolina,Chantel Hartman,Gainwell Technologies,1,1,1,,2024-04-02,,RIISE / North Carolina,RIISE,EDN
North Dakota,Jennifer Ratliff,Awardee Developed - Blue Cross Blue Shield,1,1,1,,2024-07-16,,RIISE / North Dakota,RIISE,EDN
Ohio,Amee DeMartino,STChealth,1,1,1,,2024-02-13,,RIISE / Ohio,RIISE,EDN
Oregon,Natalie Johns,Gainwell Technologies,1,1,1,,2024-05-06,,RIISE / Oregon,RIISE,EDN
Oklahoma,Tristi Bond,Envision Technology Partners,1,1,1,,2024-02-08,,RIISE / Oklahoma,RIISE,EDN
Pennsylvania - Philadelphia,Crystal Edwards,Envision Technology Partners,1,1,1,,2024-03-21,,RIISE / Pennsylvania - Philadelphia,RIISE,EDN
Rhode Island,Marley Vazquez,Awardee Developed - HLN,1,1,1,,2024-06-20,,RIISE / Rhode Island,RIISE,EDN
South Dakota,Jennifer Ratliff,STChealth,1,1,1,,2024-08-01,,RIISE / South Dakota,RIISE,EDN
Tennessee,Chantel Hartman,STChealth,1,1,1,,2024-08-20,,RIISE / Tennessee,RIISE,EDN
Utah,Jennifer Ratliff,Awardee Developed - UT USIIS,1,1,1,,2024-07-01,,RIISE / Utah,RIISE,EDN
Washington,Natalie Johns,STChealth,1,1,1,,2024-02-13,,RIISE / Washington,RIISE,EDN
West Virginia,Crystal Edwards,STChealth,1,1,1,,2024-08-01,,RIISE / West Virginia,RIISE,EDN
Wisconsin,Amee DeMartino,Gainwell Technologies,1,1,1,,2024-06-11,,RIISE / Wisconsin,RIISE,EDN
Maryland,Marley Vazquez,Gainwell Technologies,1,1,1,,2023-10-17,,RIISE / Maryland,RIISE,EDN
Pennsylvania,Crystal Edwards,Envision Technology Partners,1,1,1,,2024-09-26,,RIISE / Pennsylvania,RIISE,EDN
Chicago - Illinois,Amee DeMartino,Awardee Developed - IL I-CARE,1,1,0,,2024-08-01,,RIISE / Chicago - Illinois,RIISE,EDN
Maricopa County- Arizona,Amee DeMartino,STChealth,1,1,0,,2024-06-11,,RIISE / Phoenix - Arizona,RIISE,EDN
LA County - California,Jan Hicks-Thomson,Gainwell Technologies,1,1,0,,2023-10-17,,RIISE / LA County - California,RIISE,EDN
Virginia,Crystal Edwards,Gainwell Technologies,1,1,855,2021-07-28,,,VAMS / Virginia,VAMS,VAMS
Kansas,Trenetria Manglona Steele,Envision Technology Partners,1,1,2,2021-05-14,,,VAMS / Kansas,VAMS,VAMS
West Virginia,Crystal Edwards,STChealth,1,1,1986,2021-09-29,,,VAMS / West Virginia,VAMS,VAMS
Connecticut,Jennifer Ratliff,Envision Technology Partners,1,1,1379,2021-03-10,,,VAMS / Connecticut,VAMS,VAMS
Delaware,Crystal Edwards,Envision Technology Partners,1,1,18,2021-02-26,,,VAMS / Delaware,VAMS,VAMS
Utah,Jennifer Ratliff,Awardee Developed - UT USIIS,1,1,44,2021-02-26,,,VAMS / Utah,VAMS,VAMS
New Hampshire,Tristi Bond,Envision Technology Partners,1,1,813,2021-02-26,,,VAMS / New Hampshire,VAMS,VAMS
Nebraska,Trenetria Manglona Steele,Gainwell Technologies,1,1,11,2022-06-10,,,VAMS / Nebraska,VAMS,VAMS
Maryland,Marley Vazquez,Gainwell Technologies,1,1,199,2023-08-24,,,VAMS / Maryland,VAMS,VAMS
New Jersey,Crystal Edwards,Awardee Developed - NJ NJIIS,1,1,40,2023-08-31,,,VAMS / New Jersey,VAMS,VAMS
Rhode Island,Marley Vazquez,Awardee Developed - HLN,1,1,1,2024-10-04,,,VAMS / Rhode Island,VAMS,VAMS
Kentucky,Chantel Hartman,Envision Technology Partners,1,1,4,2026-06-05,,,Veterans Administration (Oracle Health) / Kentucky,Veterans Administration (Oracle Health)
Indiana,Amee DeMartino,STChealth,1,1,2,2026-06-05,,,Veterans Administration (Oracle Health) / Indiana,Veterans Administration (Oracle Health)
Oregon,Natalie Johns,Gainwell Technologies,1,1,11,2023-04-26,,,Veterans Administration (Oracle Cerner) / Oregon,Veterans Administration (Oracle Health),Oracle Health
Washington,Natalie Johns,STChealth,1,1,11,2023-03-15,,,Veterans Administration (Oracle Cerner) / Washington,Veterans Administration (Oracle Health),Oracle Health
Montana,Jennifer Ratliff,STChealth,1,1,1,2023-04-26,,,Veterans Administration (Oracle Cerner) / Montana,Veterans Administration (Oracle Health),Oracle Health
Idaho,Jennifer Ratliff,Gainwell Technologies,1,1,3,2023-04-26,,,Veterans Administration (Oracle Cerner) / Idaho,Veterans Administration (Oracle Health),Oracle Health
Wisconsin,Amee DeMartino,Gainwell Technologies,1,1,4,2024-03-08,,,Veterans Administration (Oracle Cerner) / Wisconsin,Veterans Administration (Oracle Health),Oracle Health
Illinois,Amee DeMartino,Awardee Developed - IL I-CARE,1,1,9,2024-03-08,,,Veterans Administration (Oracle Cerner) / Illinois,Veterans Administration (Oracle Health),Oracle Health
Ohio,Amee DeMartino,STChealth,1,1,6,2023-11-08,,,Veterans Administration (Oracle Cerner) / Ohio,Veterans Administration (Oracle Health),Oracle Health
Chicago - Illinois,Amee DeMartino,Awardee Developed - IL I-CARE,1,1,0,2024-03-08,,,Veterans Administration (Oracle Health) / Chicago - Illinois,Veterans Administration (Oracle Health),Oracle Health
Michigan,Amee DeMartino,Awardee Developed - Kunz Leigh and Associates,1,1,35,2026-04-11,,,Veterans Administration (Oracle Health) / Michigan,Veterans Administration (Oracle Health),Oracle Health
Arizona,Amee DeMartino,STChealth,1,1,36,,2022-06-29,2023-07-17,Veterans Administration (VistA) / Arizona,Veterans Administration (VistA),VistA
Florida,Chantel Hartman,Awardee Developed - FL SHOTS,1,1,86,,2022-06-29,2023-07-11,Veterans Administration (VistA) / Florida,Veterans Administration (VistA),VistA
New York State,Marley Vazquez,Gainwell Technologies,1,1,60,,2022-08-12,2023-08-10,Veterans Administration (VistA) / New York State,Veterans Administration (VistA),VistA
California,Jan Hicks-Thomson,Gainwell Technologies,1,1,70,,2022-08-11,2023-07-18,Veterans Administration (VistA) / California,Veterans Administration (VistA),VistA
New Mexico,Tristi Bond,Envision Technology Partners,1,1,16,,2022-07-19,2023-07-12,Veterans Administration (VistA) / New Mexico,Veterans Administration (VistA),VistA
Kentucky,Chantel Hartman,Envision Technology Partners,1,1,23,,2022-07-19,2023-07-12,Veterans Administration (VistA) / Kentucky,Veterans Administration (VistA),VistA
New York City - New York State,Marley Vazquez,Awardee Developed - HLN NY CIR,1,1,9,,2022-06-02,2023-07-19,Veterans Administration (VistA) / New York City - New York State,Veterans Administration (VistA),VistA
Maryland,Marley Vazquez,Gainwell Technologies,1,1,16,,2022-08-15,2023-07-18,Veterans Administration (VistA) / Maryland,Veterans Administration (VistA),VistA
North Carolina,Chantel Hartman,Gainwell Technologies,1,1,37,,2022-08-15,2023-09-18,Veterans Administration (VistA) / North Carolina,Veterans Administration (VistA),VistA
Montana,Jennifer Ratliff,STChealth,1,1,21,,2022-09-26,2023-08-01,Veterans Administration (VistA) / Montana,Veterans Administration (VistA),VistA
Washington,Natalie Johns,STChealth,1,1,13,,2022-10-19,2023-07-31,Veterans Administration (VistA) / Washington,Veterans Administration (VistA),VistA
Colorado,Jennifer Ratliff,Envision Technology Partners,1,1,26,,2022-12-06,2023-07-24,Veterans Administration (VistA) / Colorado,Veterans Administration (VistA),VistA
Delaware,Crystal Edwards,Envision Technology Partners,1,1,3,,2022-09-06,2023-07-20,Veterans Administration (VistA) / Delaware,Veterans Administration (VistA),VistA
Arkansas,Tristi Bond,Envision Technology Partners,1,1,23,,2022-09-06,2023-07-20,Veterans Administration (VistA) / Arkansas,Veterans Administration (VistA),VistA
Nevada,Tristi Bond,Envision Technology Partners,1,1,18,,2022-09-06,2023-07-24,Veterans Administration (VistA) / Nevada,Veterans Administration (VistA),VistA
Louisiana,Tristi Bond,STChealth,1,1,20,,2022-09-26,2023-08-07,Veterans Administration (VistA) / Louisiana,Veterans Administration (VistA),VistA
District of Columbia,Crystal Edwards,STChealth,1,1,3,,2022-10-11,2023-07-27,Veterans Administration (VistA) / District of Columbia,Veterans Administration (VistA),VistA
Utah,Jennifer Ratliff,Awardee Developed - UT USIIS,1,1,9,,2022-09-12,2023-09-18,Veterans Administration (VistA) / Utah,Veterans Administration (VistA),VistA
Illinois,Amee DeMartino,Awardee Developed - IL I-CARE,1,1,35,,2022-09-12,2023-08-14,Veterans Administration (VistA) / Illinois,Veterans Administration (VistA),VistA
Iowa,Trenetria Manglona Steele,Gainwell Technologies,1,1,24,,2023-08-09,2023-08-09,Veterans Administration (VistA) / Iowa,Veterans Administration (VistA),VistA
Idaho,Jennifer Ratliff,Gainwell Technologies,1,1,10,,2022-11-08,2023-08-14,Veterans Administration (VistA) / Idaho,Veterans Administration (VistA),VistA
North Dakota,Jennifer Ratliff,Awardee Developed - Blue Cross Blue Shield,1,1,11,,2022-10-19,2023-08-21,Veterans Administration (VistA) / North Dakota,Veterans Administration (VistA),VistA
Pennsylvania - Philadelphia,Crystal Edwards,Envision Technology Partners,1,1,5,,2022-10-24,2023-06-28,Veterans Administration (VistA) / Pennsylvania - Philadelphia,Veterans Administration (VistA),VistA
Ohio,Amee DeMartino,STChealth,1,1,44,2023-09-12,,,Veterans Administration (VistA) / Ohio,Veterans Administration (VistA),VistA
Texas,Tristi Bond,Deloitte,1,1,90,,2022-11-01,2023-08-14,Veterans Administration (VistA) / Texas,Veterans Administration (VistA),VistA
Alaska,Jennifer Ratliff,STChealth,1,1,7,,2022-10-11,2023-07-31,Veterans Administration (VistA) / Alaska,Veterans Administration (VistA),VistA
Indiana,Amee DeMartino,STChealth,1,1,28,,2022-11-22,2023-08-07,Veterans Administration (VistA) / Indiana,Veterans Administration (VistA),VistA
Minnesota,Amee DeMartino,Gainwell Technologies,1,1,17,,2022-11-29,2023-08-15,Veterans Administration (VistA) / Minnesota,Veterans Administration (VistA),VistA
South Dakota,Jennifer Ratliff,STChealth,1,1,12,2023-09-12,,,Veterans Administration (VistA) / South Dakota,Veterans Administration (VistA),VistA
Mississippi,Chantel Hartman,STChealth,1,1,16,,2023-03-16,2023-07-31,Veterans Administration (VistA) / Mississippi,Veterans Administration (VistA),VistA
Wisconsin,Amee DeMartino,Gainwell Technologies,1,1,22,2023-09-25,,,Veterans Administration (VistA) / Wisconsin,Veterans Administration (VistA),VistA
Wyoming,Jennifer Ratliff,STChealth,1,1,16,,2022-12-20,2023-08-02,Veterans Administration (VistA) / Wyoming,Veterans Administration (VistA),VistA
Rhode Island,Marley Vazquez,Awardee Developed - HLN,1,1,4,,2022-11-15,2023-06-06,Veterans Administration (VistA) / Rhode Island,Veterans Administration (VistA),VistA
Oregon,Natalie Johns,Gainwell Technologies,1,1,12,,2022-11-15,2023-08-09,Veterans Administration (VistA) / Oregon,Veterans Administration (VistA),VistA
Connecticut,Jennifer Ratliff,Envision Technology Partners,1,1,10,,2022-11-15,2023-06-28,Veterans Administration (VistA) / Connecticut,Veterans Administration (VistA),VistA
Oklahoma,Tristi Bond,Envision Technology Partners,1,1,28,,2022-12-06,2023-07-24,Veterans Administration (VistA) / Oklahoma,Veterans Administration (VistA),VistA
West Virginia,Crystal Edwards,STChealth,1,1,18,,2023-01-12,2023-08-21,Veterans Administration (VistA) / West Virginia,Veterans Administration (VistA),VistA
Georgia,Chantel Hartman,Gainwell Technologies,1,1,42,2025-02-19,,,Veterans Administration (VistA) / Georgia,Veterans Administration (VistA),VistA
Maine,Jennifer Ratliff,Gainwell Technologies,1,1,10,2023-12-11,,,Veterans Administration (VistA) / Maine,Veterans Administration (VistA),VistA
Nebraska,Trenetria Manglona Steele,Gainwell Technologies,1,1,11,2024-01-15,,,Veterans Administration (VistA) / Nebraska,Veterans Administration (VistA),VistA
Virginia,Crystal Edwards,STChealth,1,1,28,,2023-04-25,2023-08-10,Veterans Administration (VistA) / Virginia,Veterans Administration (VistA),VistA
Tennessee,Chantel Hartman,STChealth,1,1,38,,2023-02-07,2023-08-01,Veterans Administration (VistA) / Tennessee,Veterans Administration (VistA),VistA
New Jersey,Crystal Edwards,Awardee Developed - NJ NJIIS,1,1,17,,2022-12-28,2023-08-15,Veterans Administration (VistA) / New Jersey,Veterans Administration (VistA),VistA
Missouri,Trenetria Manglona Steele,Envision Technology Partners,1,1,36,,2023-02-07,2023-07-26,Veterans Administration (VistA) / Missouri,Veterans Administration (VistA),VistA
Puerto Rico,Crystal Edwards,STChealth,1,1,9,,2023-02-09,2023-08-01,Veterans Administration (VistA) / Puerto Rico,Veterans Administration (VistA),VistA
Kansas,Trenetria Manglona Steele,Envision Technology Partners,1,1,20,,2023-03-14,2023-07-26,Veterans Administration (VistA) / Kansas,Veterans Administration (VistA),VistA
Vermont,Chantel Hartman,Awardee Developed - VT IMR,1,1,6,2025-05-20,,,Veterans Administration (VistA) / Vermont,Veterans Administration (VistA),VistA
Massachusetts,Tristi Bond,SSG,1,1,21,,2024-01-15,,Veterans Administration (VistA) / Massachusetts,Veterans Administration (VistA),VistA
Pennsylvania,Crystal Edwards,Envision Technology Partners,1,1,45,2024-10-28,,,Veterans Administration (VistA) / Pennsylvania,Veterans Administration (VistA),VistA
Virgin Islands U.S.,Crystal Edwards,Optimoz,1,1,2,2025-12-15,,,Veterans Administration (VistA) / Virgin Islands U.S.,Veterans Administration (VistA),VistA
Houston - Texas,Tristi Bond,Deloitte,1,1,0,,2022-11-01,2023-08-14,Veterans Administration (VistA) / Houston - Texas,Veterans Administration (VistA),VistA
Chicago - Illinois,Amee DeMartino,Awardee Developed - IL I-CARE,1,1,0,,2022-09-12,2023-08-14,Veterans Administration (VistA) / Chicago - Illinois,Veterans Administration (VistA),VistA
San Antonio - Texas,Tristi Bond,Deloitte,1,1,0,,2022-11-01,2023-08-14,Veterans Administration (VistA) / San Antonio - Texas,Veterans Administration (VistA),VistA
Maricopa County- Arizona,Amee DeMartino,STChealth,1,1,0,,2022-06-29,2023-07-17,Veterans Administration (VistA) / Phoenix - Arizona,Veterans Administration (VistA),VistA
LA County - California,Jan Hicks-Thomson,Gainwell Technologies,1,1,0,,2022-08-11,2023-07-18,Veterans Administration (VistA) / LA County - California,Veterans Administration (VistA),VistA
